sample_id,company_number,company_name,candidate_vat,evidence_rows,unique_domains,source_domains,source_types,query_types,entity_evidence_types,pre_hmrc_confidence,company_unique_vats,multiplicity_flag
195,03954623,MADE REAL LTD,107325051,1,1,vatsearch.co.uk,WEBPAGE,COMPANY_NUMBER_GENERAL,COMPANY_NUMBER,MEDIUM,22,REVIEW
195,03954623,MADE REAL LTD,114357436,1,1,vatsearch.co.uk,WEBPAGE,COMPANY_NUMBER_GENERAL,COMPANY_NUMBER,MEDIUM,22,REVIEW
195,03954623,MADE REAL LTD,130465835,1,1,vatsearch.co.uk,WEBPAGE,COMPANY_NUMBER_GENERAL,COMPANY_NUMBER,MEDIUM,22,REVIEW
195,03954623,MADE REAL LTD,154964872,1,1,vatsearch.co.uk,WEBPAGE,COMPANY_NUMBER_GENERAL,COMPANY_NUMBER,MEDIUM,22,REVIEW
195,03954623,MADE REAL LTD,186460386,1,1,vatsearch.co.uk,SEARCH_SNIPPET,COMPANY_NUMBER_GENERAL,COMPANY_NUMBER,MEDIUM,22,REVIEW
195,03954623,MADE REAL LTD,242261046,1,1,vatsearch.co.uk,WEBPAGE,COMPANY_NUMBER_GENERAL,COMPANY_NUMBER,MEDIUM,22,REVIEW
195,03954623,MADE REAL LTD,358834709,1,1,vatsearch.co.uk,WEBPAGE,COMPANY_NUMBER_GENERAL,COMPANY_NUMBER,MEDIUM,22,REVIEW
195,03954623,MADE REAL LTD,383996823,1,1,vatsearch.co.uk,WEBPAGE,COMPANY_NUMBER_GENERAL,COMPANY_NUMBER,MEDIUM,22,REVIEW
195,03954623,MADE REAL LTD,416694867,1,1,vatsearch.co.uk,WEBPAGE,COMPANY_NUMBER_GENERAL,COMPANY_NUMBER,MEDIUM,22,REVIEW
195,03954623,MADE REAL LTD,732516058,1,1,vatsearch.co.uk,WEBPAGE,COMPANY_NUMBER_GENERAL,COMPANY_NUMBER,MEDIUM,22,REVIEW
195,03954623,MADE REAL LTD,742683615,1,1,vatsearch.co.uk,WEBPAGE,COMPANY_NUMBER_GENERAL,COMPANY_NUMBER,MEDIUM,22,REVIEW
195,03954623,MADE REAL LTD,753705427,1,1,vatsearch.co.uk,WEBPAGE,COMPANY_NUMBER_GENERAL,COMPANY_NUMBER,MEDIUM,22,REVIEW
195,03954623,MADE REAL LTD,756200155,1,1,vatsearch.co.uk,WEBPAGE,COMPANY_NUMBER_GENERAL,COMPANY_NUMBER,MEDIUM,22,REVIEW
195,03954623,MADE REAL LTD,757846574,1,1,vatsearch.co.uk,WEBPAGE,COMPANY_NUMBER_GENERAL,COMPANY_NUMBER,MEDIUM,22,REVIEW
195,03954623,MADE REAL LTD,773892674,1,1,vatsearch.co.uk,WEBPAGE,COMPANY_NUMBER_GENERAL,COMPANY_NUMBER,MEDIUM,22,REVIEW
195,03954623,MADE REAL LTD,807853215,1,1,vatsearch.co.uk,WEBPAGE,COMPANY_NUMBER_GENERAL,COMPANY_NUMBER,MEDIUM,22,REVIEW
195,03954623,MADE REAL LTD,810747737,1,1,vatsearch.co.uk,WEBPAGE,COMPANY_NUMBER_GENERAL,COMPANY_NUMBER,MEDIUM,22,REVIEW
195,03954623,MADE REAL LTD,821977506,1,1,vatsearch.co.uk,WEBPAGE,COMPANY_NUMBER_GENERAL,COMPANY_NUMBER,MEDIUM,22,REVIEW
195,03954623,MADE REAL LTD,826946294,1,1,vatsearch.co.uk,WEBPAGE,COMPANY_NUMBER_GENERAL,COMPANY_NUMBER,MEDIUM,22,REVIEW
195,03954623,MADE REAL LTD,871379886,1,1,vatsearch.co.uk,WEBPAGE,COMPANY_NUMBER_GENERAL,COMPANY_NUMBER,MEDIUM,22,REVIEW
195,03954623,MADE REAL LTD,930295236,1,1,vatsearch.co.uk,WEBPAGE,COMPANY_NUMBER_GENERAL,COMPANY_NUMBER,MEDIUM,22,REVIEW
195,03954623,MADE REAL LTD,979623167,1,1,vatsearch.co.uk,WEBPAGE,COMPANY_NUMBER_GENERAL,COMPANY_NUMBER,MEDIUM,22,REVIEW
22,04442079,BIRCHWOOD CLADDING SYSTEMS LIMITED,267500504,1,1,vat-check.co.uk,WEBPAGE,COMPANY_NUMBER_GENERAL,COMPANY_NUMBER,MEDIUM,21,REVIEW
22,04442079,BIRCHWOOD CLADDING SYSTEMS LIMITED,280499571,1,1,vat-check.co.uk,WEBPAGE,COMPANY_NUMBER_GENERAL,COMPANY_NUMBER,MEDIUM,21,REVIEW
22,04442079,BIRCHWOOD CLADDING SYSTEMS LIMITED,344254903,1,1,vat-check.co.uk,WEBPAGE,COMPANY_NUMBER_GENERAL,COMPANY_NUMBER,MEDIUM,21,REVIEW
22,04442079,BIRCHWOOD CLADDING SYSTEMS LIMITED,347354487,1,1,vat-check.co.uk,WEBPAGE,COMPANY_NUMBER_GENERAL,COMPANY_NUMBER,MEDIUM,21,REVIEW
22,04442079,BIRCHWOOD CLADDING SYSTEMS LIMITED,364532257,1,1,vat-check.co.uk,WEBPAGE,COMPANY_NUMBER_GENERAL,COMPANY_NUMBER,MEDIUM,21,REVIEW
22,04442079,BIRCHWOOD CLADDING SYSTEMS LIMITED,381008323,1,1,vat-check.co.uk,WEBPAGE,COMPANY_NUMBER_GENERAL,COMPANY_NUMBER,MEDIUM,21,REVIEW
22,04442079,BIRCHWOOD CLADDING SYSTEMS LIMITED,420697789,1,1,vat-check.co.uk,WEBPAGE,COMPANY_NUMBER_GENERAL,COMPANY_NUMBER,MEDIUM,21,REVIEW
22,04442079,BIRCHWOOD CLADDING SYSTEMS LIMITED,429179860,1,1,vat-check.co.uk,WEBPAGE,COMPANY_NUMBER_GENERAL,COMPANY_NUMBER,MEDIUM,21,REVIEW
22,04442079,BIRCHWOOD CLADDING SYSTEMS LIMITED,446087087,1,1,vat-check.co.uk,WEBPAGE,COMPANY_NUMBER_GENERAL,COMPANY_NUMBER,MEDIUM,21,REVIEW
22,04442079,BIRCHWOOD CLADDING SYSTEMS LIMITED,461497177,1,1,vat-check.co.uk,WEBPAGE,COMPANY_NUMBER_GENERAL,COMPANY_NUMBER,MEDIUM,21,REVIEW
22,04442079,BIRCHWOOD CLADDING SYSTEMS LIMITED,463102330,1,1,vat-check.co.uk,WEBPAGE,COMPANY_NUMBER_GENERAL,COMPANY_NUMBER,MEDIUM,21,REVIEW
22,04442079,BIRCHWOOD CLADDING SYSTEMS LIMITED,464473865,1,1,vat-check.co.uk,WEBPAGE,COMPANY_NUMBER_GENERAL,COMPANY_NUMBER,MEDIUM,21,REVIEW
22,04442079,BIRCHWOOD CLADDING SYSTEMS LIMITED,586589957,1,1,vat-check.co.uk,WEBPAGE,COMPANY_NUMBER_GENERAL,COMPANY_NUMBER,MEDIUM,21,REVIEW
22,04442079,BIRCHWOOD CLADDING SYSTEMS LIMITED,683287596,1,1,vat-check.co.uk,WEBPAGE,COMPANY_NUMBER_GENERAL,COMPANY_NUMBER,MEDIUM,21,REVIEW
22,04442079,BIRCHWOOD CLADDING SYSTEMS LIMITED,752095138,1,1,vat-check.co.uk,WEBPAGE,COMPANY_NUMBER_GENERAL,COMPANY_NUMBER,MEDIUM,21,REVIEW
22,04442079,BIRCHWOOD CLADDING SYSTEMS LIMITED,786663766,1,1,vat-check.co.uk,WEBPAGE,COMPANY_NUMBER_GENERAL,COMPANY_NUMBER,MEDIUM,21,REVIEW
22,04442079,BIRCHWOOD CLADDING SYSTEMS LIMITED,790297889,1,1,vat-check.co.uk,WEBPAGE,COMPANY_NUMBER_GENERAL,COMPANY_NUMBER,MEDIUM,21,REVIEW
22,04442079,BIRCHWOOD CLADDING SYSTEMS LIMITED,797843163,1,1,vat-check.co.uk,WEBPAGE,COMPANY_NUMBER_GENERAL,COMPANY_NUMBER,MEDIUM,21,REVIEW
22,04442079,BIRCHWOOD CLADDING SYSTEMS LIMITED,801699717,1,1,vat-check.co.uk,SEARCH_SNIPPET,COMPANY_NUMBER_GENERAL,COMPANY_NUMBER,MEDIUM,21,REVIEW
22,04442079,BIRCHWOOD CLADDING SYSTEMS LIMITED,825532827,1,1,vat-check.co.uk,WEBPAGE,COMPANY_NUMBER_GENERAL,COMPANY_NUMBER,MEDIUM,21,REVIEW
22,04442079,BIRCHWOOD CLADDING SYSTEMS LIMITED,926739879,1,1,vat-check.co.uk,WEBPAGE,COMPANY_NUMBER_GENERAL,COMPANY_NUMBER,MEDIUM,21,REVIEW
50,06521162,EARLY RISE SCAFFOLDING LIMITED,723384341,2,2,vat-lookup.co.uk | vat-lookup.com,SEARCH_SNIPPET,COMPANY_NUMBER_GENERAL | NAME_POSTCODE_GENERAL,COMPANY_NUMBER,HIGH,11,REVIEW
114,08780811,FRESHBUILD LIMITED,177295370,1,1,vat-lookup.co.uk,SEARCH_SNIPPET,VAT_LOOKUP_COMPANY_NAME,COMPANY_NUMBER,MEDIUM,11,REVIEW
114,08780811,FRESHBUILD LIMITED,328121919,1,1,vat-lookup.co.uk,SEARCH_SNIPPET,VAT_LOOKUP_COMPANY_NAME,COMPANY_NUMBER,MEDIUM,11,REVIEW
114,08780811,FRESHBUILD LIMITED,341306832,1,1,vat-lookup.co.uk,SEARCH_SNIPPET,VAT_LOOKUP_COMPANY_NUMBER,COMPANY_NUMBER,MEDIUM,11,REVIEW
114,08780811,FRESHBUILD LIMITED,354210881,1,1,vat-lookup.co.uk,SEARCH_SNIPPET,VAT_LOOKUP_COMPANY_NUMBER,COMPANY_NUMBER,MEDIUM,11,REVIEW
114,08780811,FRESHBUILD LIMITED,355276875,1,1,vat-lookup.co.uk,SEARCH_SNIPPET,VAT_LOOKUP_COMPANY_NAME,COMPANY_NUMBER,MEDIUM,11,REVIEW
114,08780811,FRESHBUILD LIMITED,678144310,1,1,vat-lookup.co.uk,SEARCH_SNIPPET,VAT_LOOKUP_COMPANY_NUMBER,COMPANY_NUMBER,MEDIUM,11,REVIEW
114,08780811,FRESHBUILD LIMITED,752995876,1,1,vat-lookup.co.uk,SEARCH_SNIPPET,VAT_LOOKUP_COMPANY_NAME,COMPANY_NUMBER,MEDIUM,11,REVIEW
114,08780811,FRESHBUILD LIMITED,802561850,1,1,vat-lookup.co.uk,SEARCH_SNIPPET,VAT_LOOKUP_COMPANY_NUMBER,COMPANY_NUMBER,MEDIUM,11,REVIEW
114,08780811,FRESHBUILD LIMITED,874452011,1,1,vat-lookup.co.uk,SEARCH_SNIPPET,VAT_LOOKUP_COMPANY_NUMBER,COMPANY_NUMBER,MEDIUM,11,REVIEW
114,08780811,FRESHBUILD LIMITED,927213827,1,1,vat-lookup.co.uk,SEARCH_SNIPPET,VAT_LOOKUP_COMPANY_NUMBER,COMPANY_NUMBER,MEDIUM,11,REVIEW
114,08780811,FRESHBUILD LIMITED,945173512,1,1,vat-lookup.co.uk,SEARCH_SNIPPET,VAT_LOOKUP_COMPANY_NAME,COMPANY_NUMBER,MEDIUM,11,REVIEW
130,11406651,JUST DESIGNER BRANDS LIMITED,117513828,1,1,vatsearch.co.uk,WEBPAGE,NAME_POSTCODE_GENERAL,COMPANY_NUMBER,MEDIUM,11,REVIEW
130,11406651,JUST DESIGNER BRANDS LIMITED,193745571,1,1,vatsearch.co.uk,WEBPAGE,NAME_POSTCODE_GENERAL,COMPANY_NUMBER,MEDIUM,11,REVIEW
130,11406651,JUST DESIGNER BRANDS LIMITED,209996459,1,1,vatsearch.co.uk,WEBPAGE,NAME_POSTCODE_GENERAL,COMPANY_NUMBER,MEDIUM,11,REVIEW
130,11406651,JUST DESIGNER BRANDS LIMITED,218671888,1,1,vatsearch.co.uk,WEBPAGE,NAME_POSTCODE_GENERAL,COMPANY_NUMBER,MEDIUM,11,REVIEW
130,11406651,JUST DESIGNER BRANDS LIMITED,221436445,1,1,vatsearch.co.uk,WEBPAGE,NAME_POSTCODE_GENERAL,COMPANY_NUMBER,MEDIUM,11,REVIEW
130,11406651,JUST DESIGNER BRANDS LIMITED,227888166,1,1,vatsearch.co.uk,WEBPAGE,NAME_POSTCODE_GENERAL,COMPANY_NUMBER,MEDIUM,11,REVIEW
130,11406651,JUST DESIGNER BRANDS LIMITED,287953342,1,1,vatsearch.co.uk,WEBPAGE,NAME_POSTCODE_GENERAL,COMPANY_NUMBER,MEDIUM,11,REVIEW
130,11406651,JUST DESIGNER BRANDS LIMITED,315338811,1,1,vatsearch.co.uk,WEBPAGE,NAME_POSTCODE_GENERAL,COMPANY_NUMBER,MEDIUM,11,REVIEW
130,11406651,JUST DESIGNER BRANDS LIMITED,322214259,1,1,vatsearch.co.uk,WEBPAGE,NAME_POSTCODE_GENERAL,COMPANY_NUMBER,MEDIUM,11,REVIEW
130,11406651,JUST DESIGNER BRANDS LIMITED,324864588,1,1,vatsearch.co.uk,WEBPAGE,NAME_POSTCODE_GENERAL,COMPANY_NUMBER,MEDIUM,11,REVIEW
130,11406651,JUST DESIGNER BRANDS LIMITED,325056719,1,1,vatsearch.co.uk,SEARCH_SNIPPET,NAME_POSTCODE_GENERAL,COMPANY_NUMBER,MEDIUM,11,REVIEW
50,06521162,EARLY RISE SCAFFOLDING LIMITED,131629780,1,1,vat-lookup.com,WEBPAGE,COMPANY_NUMBER_GENERAL,COMPANY_NUMBER,MEDIUM,11,REVIEW
50,06521162,EARLY RISE SCAFFOLDING LIMITED,133358970,1,1,vat-lookup.com,WEBPAGE,COMPANY_NUMBER_GENERAL,COMPANY_NUMBER,MEDIUM,11,REVIEW
50,06521162,EARLY RISE SCAFFOLDING LIMITED,337144172,1,1,vat-lookup.com,WEBPAGE,COMPANY_NUMBER_GENERAL,COMPANY_NUMBER,MEDIUM,11,REVIEW
50,06521162,EARLY RISE SCAFFOLDING LIMITED,383727424,1,1,vat-lookup.com,WEBPAGE,COMPANY_NUMBER_GENERAL,COMPANY_NUMBER,MEDIUM,11,REVIEW
50,06521162,EARLY RISE SCAFFOLDING LIMITED,383912825,1,1,vat-lookup.com,WEBPAGE,COMPANY_NUMBER_GENERAL,COMPANY_NUMBER,MEDIUM,11,REVIEW
50,06521162,EARLY RISE SCAFFOLDING LIMITED,521390475,1,1,vat-lookup.com,WEBPAGE,COMPANY_NUMBER_GENERAL,COMPANY_NUMBER,MEDIUM,11,REVIEW
50,06521162,EARLY RISE SCAFFOLDING LIMITED,692909782,1,1,vat-lookup.com,WEBPAGE,COMPANY_NUMBER_GENERAL,COMPANY_NUMBER,MEDIUM,11,REVIEW
50,06521162,EARLY RISE SCAFFOLDING LIMITED,704523268,1,1,vat-lookup.com,WEBPAGE,COMPANY_NUMBER_GENERAL,COMPANY_NUMBER,MEDIUM,11,REVIEW
50,06521162,EARLY RISE SCAFFOLDING LIMITED,768703983,1,1,vat-lookup.com,WEBPAGE,COMPANY_NUMBER_GENERAL,COMPANY_NUMBER,MEDIUM,11,REVIEW
50,06521162,EARLY RISE SCAFFOLDING LIMITED,898631659,1,1,vat-lookup.com,WEBPAGE,COMPANY_NUMBER_GENERAL,COMPANY_NUMBER,MEDIUM,11,REVIEW
86,10547971,M & A BRANDS LTD,160418335,1,1,vat-lookup.co.uk,VAT_LOOKUP,COMPANY_NAME_GENERAL,COMPANY_NUMBER,MEDIUM,6,REVIEW
86,10547971,M & A BRANDS LTD,175765957,1,1,vat-lookup.co.uk,VAT_LOOKUP,COMPANY_NAME_GENERAL,COMPANY_NUMBER,MEDIUM,6,REVIEW
86,10547971,M & A BRANDS LTD,304767501,1,1,vat-lookup.co.uk,VAT_LOOKUP,COMPANY_NAME_GENERAL,COMPANY_NUMBER,MEDIUM,6,REVIEW
86,10547971,M & A BRANDS LTD,360448307,1,1,vat-lookup.co.uk,SEARCH_SNIPPET,COMPANY_NAME_GENERAL,COMPANY_NUMBER,MEDIUM,6,REVIEW
86,10547971,M & A BRANDS LTD,422055242,1,1,vat-lookup.co.uk,VAT_LOOKUP,COMPANY_NAME_GENERAL,COMPANY_NUMBER,MEDIUM,6,REVIEW
86,10547971,M & A BRANDS LTD,427637967,1,1,vat-lookup.co.uk,VAT_LOOKUP,COMPANY_NAME_GENERAL,COMPANY_NUMBER,MEDIUM,6,REVIEW
150,SC450443,AITKEN PROFESSIONAL SERVICES LIMITED,171135632,2,2,vat-finder.co.uk | vat-lookup.co.uk,SEARCH_SNIPPET | WEBPAGE,NAME_POSTCODE_GENERAL | VAT_LOOKUP_COMPANY_NUMBER,COMPANY_NUMBER,HIGH,1,NORMAL
43,SC248517,CRAIGHEAD & WOOLF LIMITED,635008071,2,1,vat-lookup.co.uk,SEARCH_SNIPPET,COMPANY_NUMBER_GENERAL | VAT_LOOKUP_COMPANY_NUMBER,COMPANY_NUMBER,MEDIUM,1,NORMAL
106,12498554,ALUQO LTD,347020919,1,1,vat-lookup.co.uk,SEARCH_SNIPPET,NAME_POSTCODE_GENERAL,COMPANY_NUMBER,MEDIUM,1,NORMAL
124,SC464934,ATLAS ENGINES LTD,187610292,1,1,vat-lookup.co.uk,SEARCH_SNIPPET,COMPANY_NAME_GENERAL,COMPANY_NUMBER,MEDIUM,1,NORMAL
134,04104009,ENGINEERING DIAMONDS LIMITED,272431866,1,1,vat-lookup.co.uk,SEARCH_SNIPPET,NAME_POSTCODE_GENERAL,COMPANY_NUMBER,MEDIUM,1,NORMAL
139,16650513,BYRECROFT LTD,500664621,1,1,vatnumberfinder.com,SEARCH_SNIPPET,COMPANY_NUMBER_GENERAL,COMPANY_NAME,LOW,1,NORMAL
142,05615719,ALDWYCH HOLDINGS LIMITED,888219670,1,1,vat-lookup.co.uk,SEARCH_SNIPPET,COMPANY_NAME_GENERAL,COMPANY_NUMBER,MEDIUM,1,NORMAL
145,06595711,D & R BUILDING LIMITED,128383111,1,1,vat-lookup.co.uk,SEARCH_SNIPPET,VAT_LOOKUP_COMPANY_NAME,COMPANY_NAME,LOW,1,NORMAL
160,12277319,AGP AUTOSERVICE LTD,339851858,1,1,vat-lookup.co.uk,SEARCH_SNIPPET,VAT_LOOKUP_COMPANY_NAME,COMPANY_NUMBER,MEDIUM,1,NORMAL
161,05212950,MATT COX LTD,816091440,1,1,vat-lookup.co.uk,SEARCH_SNIPPET,VAT_LOOKUP_COMPANY_NUMBER,COMPANY_NUMBER,MEDIUM,1,NORMAL
165,13883568,IVI FRESH LIMITED,437807766,1,1,vat-lookup.co.uk,SEARCH_SNIPPET,COMPANY_NUMBER_GENERAL,COMPANY_NUMBER,MEDIUM,1,NORMAL
180,10958121,GINASWORLDBOUTIQUE & TRAVEL LTD,322291432,1,1,vat-lookup.co.uk,SEARCH_SNIPPET,VAT_LOOKUP_COMPANY_NUMBER,COMPANY_NUMBER,MEDIUM,1,NORMAL
20,11403509,DEVON FIRE & SECURITY LTD,324581311,1,1,vat-check.co.uk,SEARCH_SNIPPET,COMPANY_NUMBER_GENERAL,COMPANY_NUMBER,MEDIUM,1,NORMAL
21,06649176,PJK ENGINEERING LTD,132842036,1,1,vat-lookup.co.uk,SEARCH_SNIPPET,COMPANY_NUMBER_GENERAL,COMPANY_NUMBER,MEDIUM,1,NORMAL
5,13965119,BACKSTORY BOOKS LTD,406068415,1,1,vat-lookup.co.uk,SEARCH_SNIPPET,VAT_LOOKUP_COMPANY_NAME,COMPANY_NUMBER,MEDIUM,1,NORMAL
57,09359822,TORQUAY TENNIS CLUB LIMITED,496785415,1,1,formationdata.co.uk,WEBPAGE,COMPANY_NUMBER_GENERAL,COMPANY_NUMBER,MEDIUM,1,NORMAL
64,03822445,WELLOW HEALTH AND FITNESS LIMITED,744943016,1,1,vat-lookup.co.uk,SEARCH_SNIPPET,COMPANY_NUMBER_GENERAL,COMPANY_NUMBER,MEDIUM,1,NORMAL
80,01393294,MALLONCREST LIMITED,814233362,1,1,vat-lookup.co.uk,SEARCH_SNIPPET,VAT_LOOKUP_COMPANY_NUMBER,COMPANY_NUMBER,MEDIUM,1,NORMAL
93,SC524754,TR PLUMBING & HEATING LTD,238984062,1,1,vat-lookup.co.uk,SEARCH_SNIPPET,COMPANY_NUMBER_GENERAL,COMPANY_NUMBER,MEDIUM,1,NORMAL
96,15366267,FINCH JOHNSON HOLDINGS LIMITED,496785415,1,1,formationdata.co.uk,WEBPAGE,COMPANY_NUMBER_GENERAL,COMPANY_NUMBER,MEDIUM,1,NORMAL
