sample_id,company_name,company_number,company_category,company_status,country_of_origin,incorporation_date,address_care_of,address_po_box,address_line_1,address_line_2,post_town,county,address_country,postcode,accounts_category,sic_1,sic_2,sic_3,sic_4,companies_house_uri,website_found,website_url,vat_candidate,vat_source,vat_source_url,hmrc_checked,hmrc_valid,hmrc_registered_name,hmrc_registered_address,name_match,address_match,entity_match,final_status,notes
1,BREEZE OFFICE SOLUTIONS LIMITED,06928307,Private Limited Company,Active,United Kingdom,09/06/2009,,,UNIT 3 FLITCH INDUSTRIAL ESTATE,CHELMSFORD ROAD,DUNMOW,,ENGLAND,CM6 1XJ,TOTAL EXEMPTION FULL,46180 - Agents specialized in the sale of other particular products,,,,http://business.data.gov.uk/id/company/06928307,,,,,,,,,,,,,,
2,ELFACTOGIA LIMITED,16620274,Private Limited Company,Active,United Kingdom,31/07/2025,,,131 FINSBURY,PAVEMENT,LONDON,,UNITED KINGDOM,EC2A 1NT,NO ACCOUNTS FILED,20420 - Manufacture of perfumes and toilet preparations,46450 - Wholesale of perfume and cosmetics,47750 - Retail sale of cosmetic and toilet articles in specialised stores,70229 - Management consultancy activities other than financial management,http://business.data.gov.uk/id/company/16620274,,,,,,,,,,,,,,
3,SOUMYA ANAESTHETIC AND SURGICAL SERVICES LTD,12445392,Private Limited Company,Active,United Kingdom,05/02/2020,,,4 LIGHTHORNE RISE,,LUTON,,ENGLAND,LU3 3XG,TOTAL EXEMPTION FULL,"74909 - Other professional, scientific and technical activities n.e.c.",86220 - Specialists medical practice activities,,,http://business.data.gov.uk/id/company/12445392,,,,,,,,,,,,,,
4,PADDOCK VEHICLE SOLUTIONS LTD,14595622,Private Limited Company,Active,United Kingdom,16/01/2023,,,UNIT 2A TRENTHAM TRADE PARK,STANLEY MATTHEWS WAY,STOKE-ON-TRENT,,ENGLAND,ST4 8GA,TOTAL EXEMPTION FULL,45200 - Maintenance and repair of motor vehicles,,,,http://business.data.gov.uk/id/company/14595622,,,,,,,,,,,,,,
5,BACKSTORY BOOKS LTD,13965119,Private Limited Company,Active,United Kingdom,09/03/2022,,,71 BALHAM HIGH ROAD,,LONDON,,ENGLAND,SW12 9AP,TOTAL EXEMPTION FULL,47610 - Retail sale of books in specialised stores,,,,http://business.data.gov.uk/id/company/13965119,,,,,,,,,,,,,,
6,R AND D LEIGHFIELD LIMITED,11813889,Private Limited Company,Active,United Kingdom,07/02/2019,,,UPPER FLAT,1 ALBANY ROAD,FALMOUTH,,UNITED KINGDOM,TR11 3RP,MICRO ENTITY,70229 - Management consultancy activities other than financial management,,,,http://business.data.gov.uk/id/company/11813889,,,,,,,,,,,,,,
7,ALIGNED COLLAB LTD,16849154,Private Limited Company,Active,United Kingdom,11/11/2025,,,2 MOIR CLOSE,,SOUTH CROYDON,,ENGLAND,CR2 0LQ,NO ACCOUNTS FILED,47910 - Retail sale via mail order houses or via Internet,62012 - Business and domestic software development,70210 - Public relations and communications activities,90030 - Artistic creation,http://business.data.gov.uk/id/company/16849154,,,,,,,,,,,,,,
8,ALLERTON BYWATER MANAGEMENT COMPANY LIMITED,05855755,Private Limited Company,Active,United Kingdom,23/06/2006,,,9 PIONEER COURT,MORTON PALMS,DARLINGTON,,ENGLAND,DL1 4WD,TOTAL EXEMPTION FULL,98000 - Residents property management,,,,http://business.data.gov.uk/id/company/05855755,,,,,,,,,,,,,,
9,J COWIE FUN FAIRS LTD,16617417,Private Limited Company,Active,United Kingdom,30/07/2025,,,C/O ATRIA ACCOUNTANTS LTD IMPERIAL HOUSE,79-81 HORNBY STREET,BURY,,ENGLAND,BL9 5BN,NO ACCOUNTS FILED,93210 - Activities of amusement parks and theme parks,,,,http://business.data.gov.uk/id/company/16617417,,,,,,,,,,,,,,
10,BVG HOLDINGS LIMITED,17290336,Private Limited Company,Active,United Kingdom,20/06/2026,,,"BROADWAY VETERINARY GROUP UNIT 1, THE LINKS",HERNE BUSINESS PARK,HERNE BAY,,UNITED KINGDOM,CT6 7FE,NO ACCOUNTS FILED,75000 - Veterinary activities,,,,http://business.data.gov.uk/id/company/17290336,,,,,,,,,,,,,,
11,FEREX ENGINEERING LIMITED,16571822,Private Limited Company,Active,United Kingdom,09/07/2025,,,20 WENLOCK ROAD,,LONDON,,ENGLAND,N1 7GU,MICRO ENTITY,33110 - Repair of fabricated metal products,,,,http://business.data.gov.uk/id/company/16571822,,,,,,,,,,,,,,
12,RUTLAND HOUSE (BRISTOL) LIMITED,01147645,Private Limited Company,Active,United Kingdom,26/11/1973,,,STONEMEAD HOUSE,95 LONDON ROAD,CROYDON,SURREY,UNITED KINGDOM,CR0 2RF,MICRO ENTITY,98000 - Residents property management,,,,http://business.data.gov.uk/id/company/01147645,,,,,,,,,,,,,,
13,TOP DOG TATTOOZ LIMITED,09737289,Private Limited Company,Active,United Kingdom,18/08/2015,,,23A THE PRECINCT,LONDON ROAD,WATERLOOVILLE,HAMPSHIRE,ENGLAND,PO7 7DT,MICRO ENTITY,90030 - Artistic creation,,,,http://business.data.gov.uk/id/company/09737289,,,,,,,,,,,,,,
14,ASSOCIATED SUB-CONTRACTORS IN LIMITED PARTNERSHIP WITH JAMES DUFFY,LP006684,Limited Partnership,Active,United Kingdom,22/12/1999,,,LEE VALLEY TECHNOPARK,ASHLEY ROAD,TOTTENHAM,LONDON,,N17 9LN,NO ACCOUNTS FILED,None Supplied,,,,http://business.data.gov.uk/id/company/LP006684,,,,,,,,,,,,,,
15,JOBESTLE LIMITED,11739324,Private Limited Company,Active,United Kingdom,21/12/2018,,,23 MUIRFIELD,REDHOUSE,SWINDON,,ENGLAND,SN25 2DD,MICRO ENTITY,87300 - Residential care activities for the elderly and disabled,,,,http://business.data.gov.uk/id/company/11739324,,,,,,,,,,,,,,
16,SLADHOLDINGS LIMITED,10140135,Private Limited Company,Active,United Kingdom,21/04/2016,,,1 COOMBE ROAD,,LONDON,,ENGLAND,SE26 6QW,MICRO ENTITY,42120 - Construction of railways and underground railways,,,,http://business.data.gov.uk/id/company/10140135,,,,,,,,,,,,,,
17,UNITED TAXIS DUMFRIES LTD,SC888249,Private Limited Company,Active,United Kingdom,01/05/2026,,,UNIT 6 UNIT 6 GARROCH BUSINESS PARK,CARGENBRIDGE,DUMFRIES,,UNITED KINGDOM,DG1 8PN,NO ACCOUNTS FILED,49320 - Taxi operation,,,,http://business.data.gov.uk/id/company/SC888249,,,,,,,,,,,,,,
18,SKIVE STUDIO LIMITED,SC882722,Private Limited Company,Active,United Kingdom,17/03/2026,,,STUDIO 2/6B,12 WASHINGTON STREET,GLASGOW,GLASGOW,UNITED KINGDOM,G3 8AZ,NO ACCOUNTS FILED,90030 - Artistic creation,,,,http://business.data.gov.uk/id/company/SC882722,,,,,,,,,,,,,,
19,TWIRL TO THRIVE CIC,17355750,Community Interest Company,Active,United Kingdom,22/07/2026,,,23 WHITMORE AVENUE,,GRAYS,,ENGLAND,RM16 2JA,NO ACCOUNTS FILED,86900 - Other human health activities,,,,http://business.data.gov.uk/id/company/17355750,,,,,,,,,,,,,,
20,DEVON FIRE & SECURITY LTD,11403509,Private Limited Company,Active,United Kingdom,07/06/2018,,,GROSVENOR HOUSE,1 NEW ROAD,BRIXHAM,DEVON,UNITED KINGDOM,TQ5 8LZ,MICRO ENTITY,33200 - Installation of industrial machinery and equipment,,,,http://business.data.gov.uk/id/company/11403509,,,,,,,,,,,,,,
21,PJK ENGINEERING LTD,06649176,Private Limited Company,Active,United Kingdom,17/07/2008,,,31 THE AVENUE,HARLINGTON,DONCASTER,,ENGLAND,DN5 7HX,MICRO ENTITY,71129 - Other engineering activities,,,,http://business.data.gov.uk/id/company/06649176,,,,,,,,,,,,,,
22,BIRCHWOOD CLADDING SYSTEMS LIMITED,04442079,Private Limited Company,Active,United Kingdom,20/05/2002,,,145A BIRCHWOOD LANE,SOMERCOTES,ALFRETON,DERBYSHIRE,,DE55 4NE,TOTAL EXEMPTION FULL,43910 - Roofing activities,,,,http://business.data.gov.uk/id/company/04442079,,,,,,,,,,,,,,
23,GREEN GARDEN GARDENING SERVICES LTD,12644929,Private Limited Company,Active,United Kingdom,04/06/2020,,,9 BARNET ROAD,,LEEDS,,ENGLAND,LS12 1QN,MICRO ENTITY,91040 - Botanical and zoological gardens and nature reserves activities,,,,http://business.data.gov.uk/id/company/12644929,,,,,,,,,,,,,,
24,LEINSTER GAS LIMITED,08097612,Private Limited Company,Active,United Kingdom,08/06/2012,,,119 WEST STREET,,DUNSTABLE,BEDFORDSHIRE,,LU6 1SG,MICRO ENTITY,33190 - Repair of other equipment,,,,http://business.data.gov.uk/id/company/08097612,,,,,,,,,,,,,,
25,ECCHO DESIGN AND CONSULTANCY LIMITED,15976136,Private Limited Company,Active,United Kingdom,24/09/2024,,,UNIT 17 GLENMORE BUSINESS PARK,CASTLE ROAD,SITTINGBOURNE,KENT,ENGLAND,ME10 3FX,NO ACCOUNTS FILED,71121 - Engineering design activities for industrial process and production,,,,http://business.data.gov.uk/id/company/15976136,,,,,,,,,,,,,,
26,THE PAYMENT PEOPLE (CARD SERVICES) LIMITED,14780861,Private Limited Company,Active,United Kingdom,04/04/2023,,,FELAW MALTINGS,44 FELAW STREET,IPSWICH,,ENGLAND,IP2 8SJ,MICRO ENTITY,47910 - Retail sale via mail order houses or via Internet,70229 - Management consultancy activities other than financial management,,,http://business.data.gov.uk/id/company/14780861,,,,,,,,,,,,,,
27,LEAN DISCOVERY LIMITED,SC401730,Private Limited Company,Active,United Kingdom,15/06/2011,,,TORRIDON HOUSE TORRIDON LANE,ROSYTH,DUNFERMLINE,,SCOTLAND,KY11 2EU,MICRO ENTITY,82990 - Other business support service activities n.e.c.,,,,http://business.data.gov.uk/id/company/SC401730,,,,,,,,,,,,,,
28,CONQUER ASSOCIATES LTD,12733819,Private Limited Company,Active,United Kingdom,10/07/2020,,,20-22 WENLOCK ROAD,,LONDON,,ENGLAND,N1 7GU,UNAUDITED ABRIDGED,62020 - Information technology consultancy activities,68100 - Buying and selling of own real estate,68209 - Other letting and operating of own or leased real estate,68320 - Management of real estate on a fee or contract basis,http://business.data.gov.uk/id/company/12733819,,,,,,,,,,,,,,
29,CAPITALCRAFT ADVISORS LIMITED,16024094,Private Limited Company,Active,United Kingdom,17/10/2024,,,167-169 GREAT PORTLAND STREET,,LONDON,,ENGLAND,W1W 5PF,MICRO ENTITY,69201 - Accounting and auditing activities,69203 - Tax consultancy,70221 - Financial management,70229 - Management consultancy activities other than financial management,http://business.data.gov.uk/id/company/16024094,,,,,,,,,,,,,,
30,S.B. CONSULTING (SERVICES) LIMITED,08281629,Private Limited Company,Active,United Kingdom,05/11/2012,,,C/O JACQUARDS SPACES,1 CHALFONT PARK,GERRARDS CROSS,BUCKINGHAMSHIRE,UNITED KINGDOM,SL9 0BG,TOTAL EXEMPTION FULL,82990 - Other business support service activities n.e.c.,,,,http://business.data.gov.uk/id/company/08281629,,,,,,,,,,,,,,
31,TAGLO LABS LTD,17211131,Private Limited Company,Active,United Kingdom,11/05/2026,,,71-75 SHELTON STREET,COVENT GARDEN,LONDON,,UNITED KINGDOM,WC2H 9JQ,NO ACCOUNTS FILED,62012 - Business and domestic software development,63120 - Web portals,,,http://business.data.gov.uk/id/company/17211131,,,,,,,,,,,,,,
32,HOME ENHANCEMENTS LTD,11312172,Private Limited Company,Active,United Kingdom,16/04/2018,,,37 PARK AVENUE,ECCLESTON PARK,PRESCOT,,ENGLAND,L34 2QY,TOTAL EXEMPTION FULL,59112 - Video production activities,,,,http://business.data.gov.uk/id/company/11312172,,,,,,,,,,,,,,
33,IVILITY LTD,16887121,Private Limited Company,Active,United Kingdom,02/12/2025,,,13 DEAN ROAD,,SOUTH SHIELDS,TYNE AND WEAR,ENGLAND,NE33 3PS,NO ACCOUNTS FILED,70229 - Management consultancy activities other than financial management,,,,http://business.data.gov.uk/id/company/16887121,,,,,,,,,,,,,,
34,CRYSTAL MESSA LTD,16926390,Private Limited Company,Active,United Kingdom,22/12/2025,,,5 FINAN ROAD,,DERBY,,ENGLAND,DE24 8YN,NO ACCOUNTS FILED,"47820 - Retail sale via stalls and markets of textiles, clothing and footwear",59112 - Video production activities,59200 - Sound recording and music publishing activities,62090 - Other information technology service activities,http://business.data.gov.uk/id/company/16926390,,,,,,,,,,,,,,
35,CAROKILT LTD,SC777700,Private Limited Company,Active,United Kingdom,01/08/2023,,,NORTHERN AGRI-TECH INNOVATION HUB,BUSH FARM,ROSLIN,,SCOTLAND,EH25 9RG,MICRO ENTITY,62090 - Other information technology service activities,,,,http://business.data.gov.uk/id/company/SC777700,,,,,,,,,,,,,,
36,JJLM PROPERTY LTD,16578242,Private Limited Company,Active,United Kingdom,13/07/2025,,,"FLAT 11, ANGRA BANK",BRAMHALL ROAD,LIVERPOOL,,UNITED KINGDOM,L22 3XA,NO ACCOUNTS FILED,68100 - Buying and selling of own real estate,68209 - Other letting and operating of own or leased real estate,,,http://business.data.gov.uk/id/company/16578242,,,,,,,,,,,,,,
37,ZYZIO LIMITED,12865822,Private Limited Company,Active,United Kingdom,08/09/2020,,,10 FEATHERSTON AVENUE,,WORKSOP,,ENGLAND,S80 2NU,MICRO ENTITY,49410 - Freight transport by road,,,,http://business.data.gov.uk/id/company/12865822,,,,,,,,,,,,,,
38,LUBNA & ALI COMPANY LIMITED,09018342,Private Limited Company,Active,United Kingdom,30/04/2014,,,97 CRICKLEWOOD BROADWAY,,LONDON,,UNITED KINGDOM,NW2 3JG,MICRO ENTITY,47789 - Other retail sale of new goods in specialised stores (not commercial art galleries and opticians),,,,http://business.data.gov.uk/id/company/09018342,,,,,,,,,,,,,,
39,GOLD BRICK WORK LTD,13688135,Private Limited Company,Active,United Kingdom,19/10/2021,,,138 ASHFORD AVENUE,,HAYES,MIDDLESEX,UNITED KINGDOM,UB4 0ND,MICRO ENTITY,41202 - Construction of domestic buildings,,,,http://business.data.gov.uk/id/company/13688135,,,,,,,,,,,,,,
40,HAIRSTARWAY LTD,17296127,Private Limited Company,Active,United Kingdom,23/06/2026,,,92 SANDRINGHAM ROAD,,BARKING,,UNITED KINGDOM,IG11 9AJ,NO ACCOUNTS FILED,47910 - Retail sale via mail order houses or via Internet,96020 - Hairdressing and other beauty treatment,,,http://business.data.gov.uk/id/company/17296127,,,,,,,,,,,,,,
41,JIMMYDOUGH LTD,16368224,Private Limited Company,Active,United Kingdom,07/04/2025,,,OFFICE 010 UPPER WORTLEY BUSINESS CENTRE,127 UPPER WORTLEY ROAD,LEEDS,,ENGLAND,LS12 4JG,NO ACCOUNTS FILED,56103 - Take-away food shops and mobile food stands,,,,http://business.data.gov.uk/id/company/16368224,,,,,,,,,,,,,,
42,MONTAGUE ACCOUNTANCY SERVICES LTD,NI736568,Private Limited Company,Active,United Kingdom,29/12/2025,,,206 WHITEBRIDGE ROAD,CARRICKMORE,OMAGH,,NORTHERN IRELAND,BT79 9EG,NO ACCOUNTS FILED,69201 - Accounting and auditing activities,69203 - Tax consultancy,70229 - Management consultancy activities other than financial management,,http://business.data.gov.uk/id/company/NI736568,,,,,,,,,,,,,,
43,CRAIGHEAD & WOOLF LIMITED,SC248517,Private Limited Company,Active,United Kingdom,29/04/2003,,,3 MELVILLE CRESCENT,,EDINBURGH,,SCOTLAND,EH3 7HW,TOTAL EXEMPTION FULL,"47599 - Retail of furniture, lighting, and similar (not musical instruments or scores) in specialised store",74100 - specialised design activities,,,http://business.data.gov.uk/id/company/SC248517,,,,,,,,,,,,,,
44,TAREK AZIZ MAKKAH INTERNATIONAL TRADING LTD,16844948,Private Limited Company,Active,United Kingdom,10/11/2025,,4385,16844948 - COMPANIES HOUSE DEFAULT ADDRESS,,CARDIFF,,,CF14 8LH,NO ACCOUNTS FILED,14110 - Manufacture of leather clothes,46450 - Wholesale of perfume and cosmetics,,,http://business.data.gov.uk/id/company/16844948,,,,,,,,,,,,,,
45,MD COSMEDICO LIMITED,07523763,Private Limited Company,Active,United Kingdom,09/02/2011,,,VIRGINIA HEIGHTS,KNOWLE HILL,VIRGINIA WATER,SURREY,UNITED KINGDOM,GU25 4HZ,TOTAL EXEMPTION FULL,96020 - Hairdressing and other beauty treatment,,,,http://business.data.gov.uk/id/company/07523763,,,,,,,,,,,,,,
46,TADDY LIFTING SERVICES LTD,11537007,Private Limited Company,Active,United Kingdom,25/08/2018,,,BOSTON HOUSE,,214 HIGH STREET,BOSTON SPA,UNITED KINGDOM,LS23 6AD,MICRO ENTITY,43999 - Other specialised construction activities n.e.c.,,,,http://business.data.gov.uk/id/company/11537007,,,,,,,,,,,,,,
47,SURE START ABA LIMITED,13429752,Private Limited Company,Active,United Kingdom,31/05/2021,,,RIVERSIDE HOUSE,1-5 COMO STREET,ROMFORD,ESSEX,ENGLAND,RM7 7DN,TOTAL EXEMPTION FULL,85600 - Educational support services,,,,http://business.data.gov.uk/id/company/13429752,,,,,,,,,,,,,,
48,LEN'S ROOFING & BUILDING SERVICES LTD,13189034,Private Limited Company,Active,United Kingdom,09/02/2021,,,1-3 SHENLEY AVENUE,,RUISLIP,,ENGLAND,HA4 6BP,TOTAL EXEMPTION FULL,43390 - Other building completion and finishing,43910 - Roofing activities,,,http://business.data.gov.uk/id/company/13189034,,,,,,,,,,,,,,
49,VH PROPERTY MAINTENANCE LTD,16617785,Private Limited Company,Active,United Kingdom,30/07/2025,,,5 HIGH STREET,,MAIDENHEAD,,UNITED KINGDOM,SL6 1JN,NO ACCOUNTS FILED,41202 - Construction of domestic buildings,43910 - Roofing activities,,,http://business.data.gov.uk/id/company/16617785,,,,,,,,,,,,,,
50,EARLY RISE SCAFFOLDING LIMITED,06521162,Private Limited Company,Active,United Kingdom,03/03/2008,,,LAKESIDE OFFICES THE OLD CATTLE MARKET,CORONATION PARK,HELSTON,CORNWALL,,TR13 0SR,MICRO ENTITY,43991 - Scaffold erection,77320 - Renting and leasing of construction and civil engineering machinery and equipment,,,http://business.data.gov.uk/id/company/06521162,,,,,,,,,,,,,,
51,NV SHARP ALLIANCE LTD,13756106,Private Limited Company,Active,United Kingdom,20/11/2021,,,21 HARLEQUIN DRIVE,,WORKSOP,,ENGLAND,S81 7SP,TOTAL EXEMPTION FULL,82990 - Other business support service activities n.e.c.,,,,http://business.data.gov.uk/id/company/13756106,,,,,,,,,,,,,,
52,BAYES ALPHA LIMITED,12871142,Private Limited Company,Active,United Kingdom,10/09/2020,,,30 OLD BAILEY,,LONDON,,UNITED KINGDOM,EC4M 7AU,TOTAL EXEMPTION FULL,64209 - Activities of other holding companies n.e.c.,,,,http://business.data.gov.uk/id/company/12871142,,,,,,,,,,,,,,
53,STANLEY JAMES LTD,16044205,Private Limited Company,Active,United Kingdom,28/10/2024,,,44 DALKEITH GROVE,,STANMORE,,ENGLAND,HA7 4SF,MICRO ENTITY,68209 - Other letting and operating of own or leased real estate,,,,http://business.data.gov.uk/id/company/16044205,,,,,,,,,,,,,,
54,JENSTONE GLOBAL TRADING LTD,16958612,Private Limited Company,Active,United Kingdom,13/01/2026,,,EAGLE 53,15 HANOVER SQUARE,LONDON,,ENGLAND,W1S 1HS,NO ACCOUNTS FILED,47190 - Other retail sale in non-specialised stores,47799 - Retail sale of other second-hand goods in stores (not incl. antiques),,,http://business.data.gov.uk/id/company/16958612,,,,,,,,,,,,,,
55,4MAR C LTD,17143008,Private Limited Company,Active,United Kingdom,08/04/2026,,,3 CHARLES STREET,,CAMBRIDGE,,UNITED KINGDOM,CB1 3LZ,NO ACCOUNTS FILED,70229 - Management consultancy activities other than financial management,,,,http://business.data.gov.uk/id/company/17143008,,,,,,,,,,,,,,
56,FIRED UP GAS SERVICES LIMITED,05684687,Private Limited Company,Active,United Kingdom,23/01/2006,,,"C/O TOWERS + GORNALL LTD RIVER VIEW, 96 HIGH STREET",GARSTANG,PRESTON,LANCASHIRE,ENGLAND,PR3 1WZ,TOTAL EXEMPTION FULL,"43220 - Plumbing, heat and air-conditioning installation",,,,http://business.data.gov.uk/id/company/05684687,,,,,,,,,,,,,,
57,TORQUAY TENNIS CLUB LIMITED,09359822,"PRI/LTD BY GUAR/NSC (Private, limited by guarantee, no share capital)",Active,United Kingdom,18/12/2014,,,TORQUAY TENNIS CLUB,BELGRAVE ROAD,TORQUAY,,,TQ2 5HP,TOTAL EXEMPTION FULL,93120 - Activities of sport clubs,,,,http://business.data.gov.uk/id/company/09359822,,,,,,,,,,,,,,
58,A.L.B NEWSAGENT LIMITED,SC840135,Private Limited Company,Active,United Kingdom,05/03/2025,,,86 WESTMUIR STREET,,GLASGOW,,SCOTLAND,G31 5BJ,NO ACCOUNTS FILED,"47110 - Retail sale in non-specialised stores with food, beverages or tobacco predominating",,,,http://business.data.gov.uk/id/company/SC840135,,,,,,,,,,,,,,
59,ABE ENGINEERING LIMITED,13494115,Private Limited Company,Active,United Kingdom,05/07/2021,,,21 HOLLOWGATE,,ROTHERHAM,SOUTH YORKSHIRE,ENGLAND,S60 2LE,TOTAL EXEMPTION FULL,33140 - Repair of electrical equipment,,,,http://business.data.gov.uk/id/company/13494115,,,,,,,,,,,,,,
60,BRAZIER BUSINESS ASSISTANCE LTD,15597825,Private Limited Company,Active,United Kingdom,27/03/2024,,,2 NEWHAM DRIVE,,BURY,,ENGLAND,BL8 2EH,MICRO ENTITY,69201 - Accounting and auditing activities,69202 - Bookkeeping activities,82110 - Combined office administrative service activities,,http://business.data.gov.uk/id/company/15597825,,,,,,,,,,,,,,
61,PREMACTIVE LIMITED,16998933,Private Limited Company,Active,United Kingdom,29/01/2026,,,OFFICE 16986 182-184 HIGH STREET NORTH,EAST HAM,LONDON,,UNITED KINGDOM,E6 2JA,NO ACCOUNTS FILED,62012 - Business and domestic software development,62020 - Information technology consultancy activities,,,http://business.data.gov.uk/id/company/16998933,,,,,,,,,,,,,,
62,NEW FLEET SUPPLIES LIMITED,11854434,Private Limited Company,Active,United Kingdom,01/03/2019,,,"UNITS 11 & 12, SAXON BUSINESS CENTRE",41-59 WINDSOR AVENUE,LONDON,,ENGLAND,SW19 2RR,TOTAL EXEMPTION FULL,45111 - Sale of new cars and light motor vehicles,,,,http://business.data.gov.uk/id/company/11854434,,,,,,,,,,,,,,
63,DREAM SALES SOLUTIONS LIMITED,16327819,Private Limited Company,Active,United Kingdom,19/03/2025,,,17 ST. ANNS SQUARE,,MANCHESTER,,ENGLAND,M2 7PW,NO ACCOUNTS FILED,46180 - Agents specialized in the sale of other particular products,,,,http://business.data.gov.uk/id/company/16327819,,,,,,,,,,,,,,
64,WELLOW HEALTH AND FITNESS LIMITED,03822445,Private Limited Company,Active,United Kingdom,10/08/1999,,,WELLOW FITNESS CENTRE,WELLOW GOLF CLUB RYEDOWN LANE,EAST WELLOW ROMSEY,HAMPSHIRE,,SO51 6BD,MICRO ENTITY,86900 - Other human health activities,,,,http://business.data.gov.uk/id/company/03822445,,,,,,,,,,,,,,
65,DF HOUSING LTD,16164608,Private Limited Company,Active,United Kingdom,06/01/2025,,,18 INGLEWOOD DRIVE,,LEEDS,,ENGLAND,LS14 6HQ,NO ACCOUNTS FILED,68209 - Other letting and operating of own or leased real estate,,,,http://business.data.gov.uk/id/company/16164608,,,,,,,,,,,,,,
66,CINEPLAN LTD,16713219,Private Limited Company,Active,United Kingdom,12/09/2025,,,C/O RED HEDRON LTD,"THE OFFICES, 57 NEWTOWN ROAD",BRIGHTON,EAST SUSSEX,ENGLAND,BN3 7BA,NO ACCOUNTS FILED,99999 - Dormant Company,,,,http://business.data.gov.uk/id/company/16713219,,,,,,,,,,,,,,
67,LEVERETT GARDENS MANAGEMENT COMPANY LTD,09855195,Private Limited Company,Active,United Kingdom,03/11/2015,,,6 LEVERETT GARDENS,DORCHESTER ROAD,POOLE,,ENGLAND,BH15 3FB,MICRO ENTITY,98000 - Residents property management,,,,http://business.data.gov.uk/id/company/09855195,,,,,,,,,,,,,,
68,CROWNGATE RESIDENTIAL LIMITED,OE006398,Overseas Entity,Active,ISLE OF MAN,05/12/2022,,,THIRD FLOOR,10 FINCH ROAD,DOUGLAS,,ISLE OF MAN,IM1 2PT,NO ACCOUNTS FILED,None Supplied,,,,http://business.data.gov.uk/id/company/OE006398,,,,,,,,,,,,,,
69,BAMBOLINA CHILDRENSWEAR LTD,09598114,Private Limited Company,Active,United Kingdom,19/05/2015,,,BAMBOLINA 15 CHILDWALL PARADE,HUYTON,LIVERPOOL,MERSEYSIDE,ENGLAND,L14 6TT,TOTAL EXEMPTION FULL,46420 - Wholesale of clothing and footwear,,,,http://business.data.gov.uk/id/company/09598114,,,,,,,,,,,,,,
70,CEYLON HOPPER LTD,16738115,Private Limited Company,Active,United Kingdom,23/09/2025,,,269 PRESTON ROAD,,HARROW,,ENGLAND,HA3 0PS,NO ACCOUNTS FILED,56103 - Take-away food shops and mobile food stands,,,,http://business.data.gov.uk/id/company/16738115,,,,,,,,,,,,,,
71,O'CONNOR AND COSTELLO PROPERTIES LTD,12500553,Private Limited Company,Active,United Kingdom,05/03/2020,,,THE ROBBINS BUILDING,ALBERT STREET,RUGBY,WARKS,ENGLAND,CV21 2SD,MICRO ENTITY,68100 - Buying and selling of own real estate,68209 - Other letting and operating of own or leased real estate,,,http://business.data.gov.uk/id/company/12500553,,,,,,,,,,,,,,
72,JJR CARE LTD,11055458,Private Limited Company,Active,United Kingdom,09/11/2017,,,C/O DUBOFF & CO KINGSBURY HOUSE,468 CHURCH LANE,LONDON,,ENGLAND,NW9 8UA,MICRO ENTITY,86900 - Other human health activities,88990 - Other social work activities without accommodation n.e.c.,,,http://business.data.gov.uk/id/company/11055458,,,,,,,,,,,,,,
73,ZSOLT’S QUALITY PAINTING SERVICES LTD,14053096,Private Limited Company,Active,United Kingdom,19/04/2022,,,12 BRAND HOUSE,COOMBE WAY,FARNBOROUGH,,ENGLAND,GU14 7GB,TOTAL EXEMPTION FULL,43341 - Painting,,,,http://business.data.gov.uk/id/company/14053096,,,,,,,,,,,,,,
74,NOTED WELLS LTD,10976325,Private Limited Company,Active,United Kingdom,22/09/2017,,,7 PRINCES SQUARE,,HARROGATE,,ENGLAND,HG1 1ND,TOTAL EXEMPTION FULL,68209 - Other letting and operating of own or leased real estate,,,,http://business.data.gov.uk/id/company/10976325,,,,,,,,,,,,,,
75,JAMES MCCRIRICK,SL003343,Limited Partnership,Active,United Kingdom,05/10/1998,,,C/O RCS ENGINEERING,248B PRESTWICK ROAD,AYR,,,KA8 8NW,NO ACCOUNTS FILED,None Supplied,,,,http://business.data.gov.uk/id/company/SL003343,,,,,,,,,,,,,,
76,VIBEATION LTD,15380650,Private Limited Company,Active,United Kingdom,02/01/2024,,,71-75 SHELTON STREET,COVENT GARDEN,LONDON,,UNITED KINGDOM,WC2H 9JQ,MICRO ENTITY,70229 - Management consultancy activities other than financial management,,,,http://business.data.gov.uk/id/company/15380650,,,,,,,,,,,,,,
77,SETBRAY DEVELOPMENTS LIMITED,03900481,Private Limited Company,Active,United Kingdom,29/12/1999,,,330 KINGSLAND ROAD,,LONDON,,UNITED KINGDOM,E8 4DA,UNAUDITED ABRIDGED,82990 - Other business support service activities n.e.c.,,,,http://business.data.gov.uk/id/company/03900481,,,,,,,,,,,,,,
78,C POPE BROADCASTING LTD,16982344,Private Limited Company,Active,United Kingdom,22/01/2026,,,25 GOODLASS ROAD,KYZEN SPORTS,LIVERPOOL,,UNITED KINGDOM,L24 9HJ,NO ACCOUNTS FILED,60200 - Television programming and broadcasting activities,,,,http://business.data.gov.uk/id/company/16982344,,,,,,,,,,,,,,
79,VANFLEET MOTORS LIMITED,16751917,Private Limited Company,Active,United Kingdom,30/09/2025,,,13 GRACE STREET NORTH,,BOLTON,,UNITED KINGDOM,BL1 2LE,NO ACCOUNTS FILED,45112 - Sale of used cars and light motor vehicles,,,,http://business.data.gov.uk/id/company/16751917,,,,,,,,,,,,,,
80,MALLONCREST LIMITED,01393294,Private Limited Company,Active,United Kingdom,10/10/1978,,,HIGH BARN,BURTON IN LONSDALE,CARNFORTH,,ENGLAND,LA6 3LB,MICRO ENTITY,68100 - Buying and selling of own real estate,,,,http://business.data.gov.uk/id/company/01393294,,,,,,,,,,,,,,
81,ANIMEBREW LIMITED,15617618,Private Limited Company,Active,United Kingdom,05/04/2024,,,AFFLECKS ARCADE 35-39,OLDHAM STREET,MANCHESTER,,ENGLAND,M1 1JG,MICRO ENTITY,47190 - Other retail sale in non-specialised stores,47650 - Retail sale of games and toys in specialised stores,56102 - Unlicensed restaurants and cafes,,http://business.data.gov.uk/id/company/15617618,,,,,,,,,,,,,,
82,HARPREET SINGH10 LTD,13451572,Private Limited Company,Active,United Kingdom,11/06/2021,,,565 BATH ROAD,,SLOUGH,,ENGLAND,SL1 6AB,UNAUDITED ABRIDGED,41201 - Construction of commercial buildings,,,,http://business.data.gov.uk/id/company/13451572,,,,,,,,,,,,,,
83,THE DAWN LISTER THERAPY CENTRE LIMITED,13660488,Private Limited Company,Active,United Kingdom,04/10/2021,,,1349/1353 LONDON ROAD,,LEIGH-ON-SEA,ESSEX,UNITED KINGDOM,SS9 2AB,TOTAL EXEMPTION FULL,86900 - Other human health activities,,,,http://business.data.gov.uk/id/company/13660488,,,,,,,,,,,,,,
84,ERP (ACCRINGTON) LIMITED,12523085,Private Limited Company,Active,United Kingdom,18/03/2020,,,"C/O GLENBROOK INVESTMENTS, UNION, 2-10",ALBERT SQUARE,MANCHESTER,,ENGLAND,M2 6LW,TOTAL EXEMPTION FULL,41100 - Development of building projects,,,,http://business.data.gov.uk/id/company/12523085,,,,,,,,,,,,,,
85,CIGNELLA WELLNESS LIMITED,09657841,Private Limited Company,Active,United Kingdom,25/06/2015,,,7 ST JOHNS ROAD,,HARROW,,UNITED KINGDOM,HA1 2EY,TOTAL EXEMPTION FULL,55900 - Other accommodation,,,,http://business.data.gov.uk/id/company/09657841,,,,,,,,,,,,,,
86,M & A BRANDS LTD,10547971,Private Limited Company,Active,United Kingdom,05/01/2017,,,46D GREATOREX STREET,,LONDON,,ENGLAND,E1 5NP,MICRO ENTITY,47710 - Retail sale of clothing in specialised stores,"47820 - Retail sale via stalls and markets of textiles, clothing and footwear",,,http://business.data.gov.uk/id/company/10547971,,,,,,,,,,,,,,
87,TS WM ESTATES LTD,16438527,Private Limited Company,Active,United Kingdom,08/05/2025,,,68 BEAUFORT AVENUE,,BIRMINGHAM,,ENGLAND,B34 6AE,NO ACCOUNTS FILED,68100 - Buying and selling of own real estate,,,,http://business.data.gov.uk/id/company/16438527,,,,,,,,,,,,,,
88,FOOTBALL FUN FACTORY (COMMUNITY 054) LIMITED,13984959,Private Limited Company,Active,United Kingdom,17/03/2022,,,40 BEAUCHAMP ROAD,,MALVERN,,ENGLAND,WR14 1RX,MICRO ENTITY,93199 - Other sports activities,,,,http://business.data.gov.uk/id/company/13984959,,,,,,,,,,,,,,
89,ASHWELL TECHNOLOGY CONSULTING LTD,17299733,Private Limited Company,Active,United Kingdom,24/06/2026,,,"SECOND FLOOR, OFFICE C21",28 D'ARBLAY STREET,LONDON,,UNITED KINGDOM,W1F 8EW,NO ACCOUNTS FILED,62012 - Business and domestic software development,70229 - Management consultancy activities other than financial management,,,http://business.data.gov.uk/id/company/17299733,,,,,,,,,,,,,,
90,ENGINEERING PLUS LTD,NI727847,Private Limited Company,Active,United Kingdom,26/03/2025,,,FORSYTH HOUSE,CROMAC SQUARE,BELFAST,,NORTHERN IRELAND,BT2 8LA,NO ACCOUNTS FILED,43210 - Electrical installation,43999 - Other specialised construction activities n.e.c.,70229 - Management consultancy activities other than financial management,71121 - Engineering design activities for industrial process and production,http://business.data.gov.uk/id/company/NI727847,,,,,,,,,,,,,,
91,DR EMMA MAHONEY CONSULTING LTD,11189440,Private Limited Company,Active,United Kingdom,06/02/2018,,,CROWN CHAMBES,PRINCES STREET,HARROGATE,,UNITED KINGDOM,HG1 1NJ,MICRO ENTITY,86900 - Other human health activities,,,,http://business.data.gov.uk/id/company/11189440,,,,,,,,,,,,,,
92,SAGNIA SECURITY LIMITED,06938601,Private Limited Company,Active,United Kingdom,19/06/2009,,,28 BASEVI WAY,MILLENNIUM QUAY,LONDON,,,SE8 3JS,TOTAL EXEMPTION FULL,80100 - Private security activities,,,,http://business.data.gov.uk/id/company/06938601,,,,,,,,,,,,,,
93,TR PLUMBING & HEATING LTD,SC524754,Private Limited Company,Active,United Kingdom,20/01/2016,,,17 VETTRIANO VALE,,LEVEN,FIFE,SCOTLAND,KY8 4GD,MICRO ENTITY,"43220 - Plumbing, heat and air-conditioning installation",,,,http://business.data.gov.uk/id/company/SC524754,,,,,,,,,,,,,,
94,FAWAZ MEDICAL LTD,14234205,Private Limited Company,Active,United Kingdom,14/07/2022,,,98 WHITBY ROAD,,ELLESMERE PORT,,UNITED KINGDOM,CH65 0AB,MICRO ENTITY,86210 - General medical practice activities,,,,http://business.data.gov.uk/id/company/14234205,,,,,,,,,,,,,,
95,STANDPOINT CONSULTANTS LTD,07641496,Private Limited Company,Active,United Kingdom,20/05/2011,,,18 BRAINTON AVENUE,,FELTHAM,,ENGLAND,TW14 0AY,MICRO ENTITY,62012 - Business and domestic software development,,,,http://business.data.gov.uk/id/company/07641496,,,,,,,,,,,,,,
96,FINCH JOHNSON HOLDINGS LIMITED,15366267,Private Limited Company,Active,United Kingdom,21/12/2023,,,ST MARGARET'S FARM NAPCHESTER ROAD,WHITFIELD,DOVER,KENT,UNITED KINGDOM,CT15 5HD,TOTAL EXEMPTION FULL,64209 - Activities of other holding companies n.e.c.,,,,http://business.data.gov.uk/id/company/15366267,,,,,,,,,,,,,,
97,NICKSON & SONS LIMITED,16640970,Private Limited Company,Active,United Kingdom,11/08/2025,,,PICCADILLY BUSINESS CENTRE,UNIT C ADLOW ENTERPRISE PARK,MANCHESTER,,ENGLAND,M12 6AE,NO ACCOUNTS FILED,68209 - Other letting and operating of own or leased real estate,,,,http://business.data.gov.uk/id/company/16640970,,,,,,,,,,,,,,
98,D & C REYNOLDS (WHOLESALE) COMPANY,LP004607,Limited Partnership,Active,United Kingdom,12/04/1994,,,HORSEFAIR,KIDDERMINSTER,,,,,NO ACCOUNTS FILED,None Supplied,,,,http://business.data.gov.uk/id/company/LP004607,,,,,,,,,,,,,,
99,A.D.M PROJECT CONSULTANCY LTD,08155237,Private Limited Company,Active,United Kingdom,24/07/2012,,,"FIRST FLOOR, UNITS 3/4 CRANMERE COURT, LUSTLEIGH CLOSE",MATFORD BUSINESS PARK,EXETER,DEVON,UNITED KINGDOM,EX2 8PW,TOTAL EXEMPTION FULL,96090 - Other service activities n.e.c.,,,,http://business.data.gov.uk/id/company/08155237,,,,,,,,,,,,,,
100,ARTHENA HOUSE LIMITED,10608337,Private Limited Company,Active,United Kingdom,08/02/2017,,,CHURCHILL HOUSE 120 BUNNS LANE,MILL HILL,LONDON,,ENGLAND,,MICRO ENTITY,"46160 - Agents involved in the sale of textiles, clothing, fur, footwear and leather goods",82990 - Other business support service activities n.e.c.,,,http://business.data.gov.uk/id/company/10608337,,,,,,,,,,,,,,
101,NEUROIMAGING LTD,11540433,Private Limited Company,Active,United Kingdom,28/08/2018,,,2 THE BARNS,TIDEFORD,SALTASH,,UNITED KINGDOM,PL12 5HN,TOTAL EXEMPTION FULL,86101 - Hospital activities,,,,http://business.data.gov.uk/id/company/11540433,,,,,,,,,,,,,,
102,ZSK DIGITAL CANVAS LIMITED,16949880,Private Limited Company,Active,United Kingdom,08/01/2026,,,6 PORTLAND BUSINESS CENTRE,MANOR HOUSE LANE,DATCHET,,ENGLAND,SL3 9EG,NO ACCOUNTS FILED,62012 - Business and domestic software development,74100 - specialised design activities,,,http://business.data.gov.uk/id/company/16949880,,,,,,,,,,,,,,
103,JLB DESIGN LIMITED,05860436,Private Limited Company,Active,United Kingdom,28/06/2006,,,PARK COTTAGE HIGH STREET,UPPER DEAN,HUNTINGDON,CAMBRIDGESHIRE,,PE28 0LY,MICRO ENTITY,"28110 - Manufacture of engines and turbines, except aircraft, vehicle and cycle engines",71122 - Engineering related scientific and technical consulting activities,,,http://business.data.gov.uk/id/company/05860436,,,,,,,,,,,,,,
104,EVERYONE MATTERS SCHOOLS TRUST,10455406,"PRI/LBG/NSC (Private, Limited by guarantee, no share capital, use of 'Limited' exemption)",Active,United Kingdom,01/11/2016,,,"EVERYONE MATTERS SCHOOLS TRUST, C/O RAINFORD HIGH SCHOOL, HIGHER LANE",RAINFORD,ST. HELENS,,ENGLAND,WA11 8NY,FULL,85310 - General secondary education,,,,http://business.data.gov.uk/id/company/10455406,,,,,,,,,,,,,,
105,QANVAS STUDIOS LTD,15383900,Private Limited Company,Active,United Kingdom,03/01/2024,,,01 FUTR LIMITED,CHAPLIN HOUSE WIDEWATER PLACE MOORHALL ROAD,HAREFIELD,UXBRIDGE,UNITED KINGDOM,UB9 6NS,MICRO ENTITY,90030 - Artistic creation,,,,http://business.data.gov.uk/id/company/15383900,,,,,,,,,,,,,,
106,ALUQO LTD,12498554,Private Limited Company,Active,United Kingdom,04/03/2020,,,UNIT 29,OAKLANDS BUSINESS PARK,FERNDALE,,WALES,CF43 4UG,TOTAL EXEMPTION FULL,28990 - Manufacture of other special-purpose machinery n.e.c.,,,,http://business.data.gov.uk/id/company/12498554,,,,,,,,,,,,,,
107,BYTECREST SOLUTIONS LTD,17427805,Private Limited Company,Active,United Kingdom,28/08/2026,,,2 GRANGEWICK ROAD,,GRAYS,,ENGLAND,RM16 2DW,NO ACCOUNTS FILED,62020 - Information technology consultancy activities,73110 - Advertising agencies,,,http://business.data.gov.uk/id/company/17427805,,,,,,,,,,,,,,
108,RYDER CUP ITALY LIMITED,12645658,Private Limited Company,Active,United Kingdom,04/06/2020,,,EUROPEAN TOUR BUILDING,WENTWORTH DRIVE,VIRGINIA WATER,SURREY,UNITED KINGDOM,GU25 4LX,SMALL,93199 - Other sports activities,,,,http://business.data.gov.uk/id/company/12645658,,,,,,,,,,,,,,
109,AUDIT9 LIMITED,08088394,Private Limited Company,Active,United Kingdom,30/05/2012,,,SUITE 105 MISTRAL HOUSE KINGFISHER WAY,SILVERLINK BUSINESS PARK,NEWCASTLE UPON TYNE,,ENGLAND,NE28 9NX,MICRO ENTITY,62012 - Business and domestic software development,,,,http://business.data.gov.uk/id/company/08088394,,,,,,,,,,,,,,
110,N & J MURPHY LIMITED,09484720,Private Limited Company,Active,United Kingdom,12/03/2015,,,BILLINGSHURST DENTAL PRACTICE,114 HIGH STREET,BILLINGSHURST,WEST SUSSEX,ENGLAND,RH14 9QS,TOTAL EXEMPTION FULL,86230 - Dental practice activities,,,,http://business.data.gov.uk/id/company/09484720,,,,,,,,,,,,,,
111,SXEFIT LTD,11149829,Private Limited Company,Active,United Kingdom,15/01/2018,,,17 ALFRED STREET,,HECKMONDWIKE,,ENGLAND,WF16 0JL,UNAUDITED ABRIDGED,93130 - Fitness facilities,,,,http://business.data.gov.uk/id/company/11149829,,,,,,,,,,,,,,
112,UNVEILS VISION LTD,13688346,Private Limited Company,Active,United Kingdom,19/10/2021,,,49 TEESWATER CLOSE,LONG LAWFORD,RUGBY,WARWICKSHIRE,ENGLAND,CV23 9GA,MICRO ENTITY,47910 - Retail sale via mail order houses or via Internet,,,,http://business.data.gov.uk/id/company/13688346,,,,,,,,,,,,,,
113,LECTITAN LIMITED,16787682,Private Limited Company,Active,United Kingdom,15/10/2025,,,167-169 GREAT PORTLAND STREET,5TH FLOOR,LONDON,,ENGLAND,W1W 5PF,NO ACCOUNTS FILED,62020 - Information technology consultancy activities,62090 - Other information technology service activities,,,http://business.data.gov.uk/id/company/16787682,,,,,,,,,,,,,,
114,FRESHBUILD LIMITED,08780811,Private Limited Company,Active,United Kingdom,19/11/2013,,,SHALIMAR,CRICKET GROUND ROAD,CHISLEHURST,KENT,,BR7 5HD,TOTAL EXEMPTION FULL,43999 - Other specialised construction activities n.e.c.,,,,http://business.data.gov.uk/id/company/08780811,,,,,,,,,,,,,,
115,SHILLING MERGERS LIMITED,07046876,Private Limited Company,Active,United Kingdom,16/10/2009,,,1ST FLOOR FALCON POINT PARK PLAZA,HEATH HAYES,CANNOCK,,ENGLAND,WS12 2DE,TOTAL EXEMPTION FULL,96090 - Other service activities n.e.c.,,,,http://business.data.gov.uk/id/company/07046876,,,,,,,,,,,,,,
116,PROSPERITY PROPERTY GROUP LIMITED,12629679,Private Limited Company,Active,United Kingdom,28/05/2020,,,1 DUFFIELD ROAD,,DERBY,,ENGLAND,DE1 3BB,TOTAL EXEMPTION FULL,68100 - Buying and selling of own real estate,68209 - Other letting and operating of own or leased real estate,,,http://business.data.gov.uk/id/company/12629679,,,,,,,,,,,,,,
117,GLO MCR LIMITED,14731745,Private Limited Company,Active,United Kingdom,15/03/2023,,,C/O PARKER WHITWOOD LTD OLD LLOYD CHAMBERS,MANCHESTER ROAD,ALTRINCHAM,,ENGLAND,WA14 5NS,MICRO ENTITY,96020 - Hairdressing and other beauty treatment,,,,http://business.data.gov.uk/id/company/14731745,,,,,,,,,,,,,,
118,TRIXPIXMEDIA LTD,SC392514,Private Limited Company,Active,United Kingdom,31/01/2011,,,BURNSIDE FARM,PARKGATE,DUMFRIES,DUMFRIES & GALLOWAY,SCOTLAND,DG1 3LU,MICRO ENTITY,01420 - Raising of other cattle and buffaloes,59113 - Television programme production activities,90030 - Artistic creation,,http://business.data.gov.uk/id/company/SC392514,,,,,,,,,,,,,,
119,HEYBRIDGE INVESTMENTS LTD,15881992,Private Limited Company,Active,United Kingdom,06/08/2024,,,4B HEYBRIDGE DRIVE,,ILFORD,,ENGLAND,IG6 1PE,MICRO ENTITY,64209 - Activities of other holding companies n.e.c.,,,,http://business.data.gov.uk/id/company/15881992,,,,,,,,,,,,,,
120,SOUL & KEY CONSULTING LTD,16559890,Private Limited Company,Active,United Kingdom,03/07/2025,,,ONYX HOUSE 12 PHOENIX BUSINESS PARK,AVENUE CLOSE,BIRMINGHAM,WEST MIDLANDS,ENGLAND,B7 4NU,NO ACCOUNTS FILED,86230 - Dental practice activities,,,,http://business.data.gov.uk/id/company/16559890,,,,,,,,,,,,,,
121,THE WANDERPATH LTD,16376019,Private Limited Company,Active,United Kingdom,09/04/2025,,,128 CITY ROAD,,LONDON,,UNITED KINGDOM,EC1V 2NX,NO ACCOUNTS FILED,47910 - Retail sale via mail order houses or via Internet,62012 - Business and domestic software development,79901 - Activities of tourist guides,85590 - Other education n.e.c.,http://business.data.gov.uk/id/company/16376019,,,,,,,,,,,,,,
122,FISCAL HIRE LTD.,02621544,Private Limited Company,Active,United Kingdom,18/06/1991,,,GLADSTONE HOUSE,2 CHURCH ROAD,LIVERPOOL,,,L15 9EG,MICRO ENTITY,68209 - Other letting and operating of own or leased real estate,,,,http://business.data.gov.uk/id/company/02621544,,,,,,,,,,,,,,
123,JB & MO PROPERTY HOLDINGS LTD,16866528,Private Limited Company,Active,United Kingdom,20/11/2025,,,WOOD END,MARSTON MORETAINE,BEDFORD,,UNITED KINGDOM,MK43 0NZ,NO ACCOUNTS FILED,64209 - Activities of other holding companies n.e.c.,,,,http://business.data.gov.uk/id/company/16866528,,,,,,,,,,,,,,
124,ATLAS ENGINES LTD,SC464934,Private Limited Company,Active,United Kingdom,02/12/2013,,,21 FORBES PLACE,,PAISLEY,,SCOTLAND,PA1 1UT,UNAUDITED ABRIDGED,33170 - Repair and maintenance of other transport equipment n.e.c.,,,,http://business.data.gov.uk/id/company/SC464934,,,,,,,,,,,,,,
125,INGRAM HOLDINGS LIMITED,11031805,Private Limited Company,Active,United Kingdom,25/10/2017,,,50 WOODGATE,,LEICESTER,,UNITED KINGDOM,LE3 5GF,TOTAL EXEMPTION FULL,82990 - Other business support service activities n.e.c.,,,,http://business.data.gov.uk/id/company/11031805,,,,,,,,,,,,,,
126,MULTITRANS LOGISTICS SERVICES LP,SL020457,Limited Partnership,Active,United Kingdom,22/04/2015,,,CENTRUM OFFICES,38 QUEEN STREET,GLASGOW,,SCOTLAND,G1 3DX,NO ACCOUNTS FILED,None Supplied,,,,http://business.data.gov.uk/id/company/SL020457,,,,,,,,,,,,,,
127,SUCCEDIA CIC,16917001,Community Interest Company,Active,United Kingdom,17/12/2025,,,CONCORDIA COMMUNITY ENTERPRISE CENTRE RAILWAY ARCHES 420-421 BURDETT ROAD,RAILWAY ARCHES,LONDON,,ENGLAND,E3 4AA,NO ACCOUNTS FILED,88990 - Other social work activities without accommodation n.e.c.,,,,http://business.data.gov.uk/id/company/16917001,,,,,,,,,,,,,,
128,SONDEREL RESIDENTS ASSOCIATION LIMITED,02759927,Private Limited Company,Active,United Kingdom,28/10/1992,,,77 SANDHURST ROAD,,LONDON,,ENGLAND,SE6 1UP,MICRO ENTITY,98000 - Residents property management,,,,http://business.data.gov.uk/id/company/02759927,,,,,,,,,,,,,,
129,ROBERTO DELIVERS LTD,14480298,Private Limited Company,Active,United Kingdom,12/11/2022,,,62 OXFORD ROAD,,CANTERBURY,,ENGLAND,CT1 3QP,MICRO ENTITY,52290 - Other transportation support activities,,,,http://business.data.gov.uk/id/company/14480298,,,,,,,,,,,,,,
130,JUST DESIGNER BRANDS LIMITED,11406651,Private Limited Company,Active,United Kingdom,08/06/2018,,,14 SHEARBRIDGE ROAD,,BRADFORD,,UNITED KINGDOM,BD7 1NP,TOTAL EXEMPTION FULL,47710 - Retail sale of clothing in specialised stores,,,,http://business.data.gov.uk/id/company/11406651,,,,,,,,,,,,,,
131,SOLVORO LTD,16538153,Private Limited Company,Active,United Kingdom,24/06/2025,,4385,16538153 - COMPANIES HOUSE DEFAULT ADDRESS,,CARDIFF,,,CF14 8LH,NO ACCOUNTS FILED,47910 - Retail sale via mail order houses or via Internet,,,,http://business.data.gov.uk/id/company/16538153,,,,,,,,,,,,,,
132,VS ORTHO LIMITED,09522246,Private Limited Company,Active,United Kingdom,01/04/2015,,,21 ELM ROAD,HALE,ALTRINCHAM,,ENGLAND,WA15 9QP,MICRO ENTITY,86230 - Dental practice activities,,,,http://business.data.gov.uk/id/company/09522246,,,,,,,,,,,,,,
133,AUTY SQUARE MANAGEMENT COMPANY LIMITED,09602233,"PRI/LTD BY GUAR/NSC (Private, limited by guarantee, no share capital)",Active,United Kingdom,21/05/2015,,,SYCAMORE HOUSE HIGH STREET,MORLEY,LEEDS,,ENGLAND,LS27 9AW,TOTAL EXEMPTION FULL,98000 - Residents property management,,,,http://business.data.gov.uk/id/company/09602233,,,,,,,,,,,,,,
134,ENGINEERING DIAMONDS LIMITED,04104009,Private Limited Company,Active,United Kingdom,08/11/2000,,,ENGINEERING DIAMONDS,BODMIN ROAD WYKEN,COVENTRY,WARWICKSHIRE,,CV2 5DL,TOTAL EXEMPTION FULL,25620 - Machining,,,,http://business.data.gov.uk/id/company/04104009,,,,,,,,,,,,,,
135,FOOT GOLF WISE LIMITED,09511517,Private Limited Company,Active,United Kingdom,26/03/2015,,,"C/O CBHC LTD, STEEPLE HOUSE SUITE 3, FIRST FLOOR",CHURCH LANE,CHELMSFORD,ESSEX,ENGLAND,CM1 1NH,TOTAL EXEMPTION FULL,93199 - Other sports activities,,,,http://business.data.gov.uk/id/company/09511517,,,,,,,,,,,,,,
136,WESTFIELD SYSTEMS LP,SL011111,Limited Partnership,Active,United Kingdom,06/08/2012,,,39 DUKE STREET,,EDINBURGH,,UNITED KINGDOM,EH6 8HH,NO ACCOUNTS FILED,None Supplied,,,,http://business.data.gov.uk/id/company/SL011111,,,,,,,,,,,,,,
137,HC ESS4 LIMITED,10846400,Private Limited Company,Active,United Kingdom,03/07/2017,,,C/O GRESHAM HOUSE ASSET MANAGEMENT LIMITED,5 NEW STREET SQUARE,LONDON,,ENGLAND,EC4A 3TW,FULL,35110 - Production of electricity,,,,http://business.data.gov.uk/id/company/10846400,,,,,,,,,,,,,,
138,MTY DIGITAL LTD,16870892,Private Limited Company,Active,United Kingdom,24/11/2025,,,C/O GIFCO GROUP LTD ADMIRALS OFFICES,THE HISTORIC DOCKYARD,CHATHAM,,ENGLAND,ME4 4TZ,NO ACCOUNTS FILED,70229 - Management consultancy activities other than financial management,,,,http://business.data.gov.uk/id/company/16870892,,,,,,,,,,,,,,
139,BYRECROFT LTD,16650513,Private Limited Company,Active,United Kingdom,14/08/2025,,,1 STATION ROAD,NORTH COWTON,NORTHALLERTON,,ENGLAND,DL7 0HH,NO ACCOUNTS FILED,41201 - Construction of commercial buildings,41202 - Construction of domestic buildings,43330 - Floor and wall covering,,http://business.data.gov.uk/id/company/16650513,,,,,,,,,,,,,,
140,JUTTA MOORE LTD.,05370667,Private Limited Company,Active,United Kingdom,21/02/2005,,,3RD FLOOR,207 REGENT STREET,LONDON,,ENGLAND,W1B 3HH,TOTAL EXEMPTION FULL,70229 - Management consultancy activities other than financial management,,,,http://business.data.gov.uk/id/company/05370667,,,,,,,,,,,,,,
141,GOSPACEZ (UK) LTD,14757192,Private Limited Company,Active,United Kingdom,25/03/2023,,,"4TH FLOOR,",66 ST. JAMES'S STREET,LONDON,,ENGLAND,SW1A 1NE,TOTAL EXEMPTION FULL,62020 - Information technology consultancy activities,,,,http://business.data.gov.uk/id/company/14757192,,,,,,,,,,,,,,
142,ALDWYCH HOLDINGS LIMITED,05615719,Private Limited Company,Active,United Kingdom,08/11/2005,,,85 GRESHAM STREET,,LONDON,,ENGLAND,EC2V 7NQ,SMALL,70100 - Activities of head offices,,,,http://business.data.gov.uk/id/company/05615719,,,,,,,,,,,,,,
143,GEEKS IN CITIES LTD,SC885112,Private Limited Company,Active,United Kingdom,03/04/2026,,,13/1 BROUGHTON PLACE,,EDINBURGH,,SCOTLAND,EH1 3RL,NO ACCOUNTS FILED,62012 - Business and domestic software development,85600 - Educational support services,,,http://business.data.gov.uk/id/company/SC885112,,,,,,,,,,,,,,
144,NMK ASSOCIATES LTD,05265463,Private Limited Company,Active,United Kingdom,20/10/2004,,,24 LEOPOLD AVENUE,FARNBOROUGH,HAMPSHIRE,,,GU14 8NJ,TOTAL EXEMPTION FULL,69201 - Accounting and auditing activities,,,,http://business.data.gov.uk/id/company/05265463,,,,,,,,,,,,,,
145,D & R BUILDING LIMITED,06595711,Private Limited Company,Active,United Kingdom,16/05/2008,,,HOMEDALE HOUSE THE STREET,MARHAM,KING'S LYNN,,ENGLAND,PE33 9JN,TOTAL EXEMPTION FULL,68100 - Buying and selling of own real estate,68209 - Other letting and operating of own or leased real estate,,,http://business.data.gov.uk/id/company/06595711,,,,,,,,,,,,,,
146,GRANDPARENTS PLUS,04454103,"PRI/LBG/NSC (Private, Limited by guarantee, no share capital, use of 'Limited' exemption)",Active,United Kingdom,05/06/2002,,,THE FOUNDRY,17 OVAL WAY,LONDON,,ENGLAND,SE11 5RR,SMALL,82990 - Other business support service activities n.e.c.,,,,http://business.data.gov.uk/id/company/04454103,,,,,,,,,,,,,,
147,FOX,15973553,Private Unlimited Company,Active,United Kingdom,23/09/2024,,,24 VARDENS ROAD,,LONDON,,ENGLAND,SW11 1RH,NO ACCOUNTS FILED,64991 - Security dealing on own account,,,,http://business.data.gov.uk/id/company/15973553,,,,,,,,,,,,,,
148,FUTURE SKILLS CIC,10321414,Community Interest Company,Active,United Kingdom,09/08/2016,,,HORIZON HOUSE GORDON ROAD,WHITFIELD,DOVER,KENT,ENGLAND,CT16 2ET,TOTAL EXEMPTION FULL,82990 - Other business support service activities n.e.c.,,,,http://business.data.gov.uk/id/company/10321414,,,,,,,,,,,,,,
149,GVG FORESTRY LIMITED,SC413542,Private Limited Company,Active,United Kingdom,21/12/2011,,,LANFINE HOUSE,,NEWMILNS,AYRSHIRE,,KA16 9JR,MICRO ENTITY,02100 - Silviculture and other forestry activities,,,,http://business.data.gov.uk/id/company/SC413542,,,,,,,,,,,,,,
150,AITKEN PROFESSIONAL SERVICES LIMITED,SC450443,Private Limited Company,Active,United Kingdom,21/05/2013,,,ORAKARIA PERTH ROAD,MILNATHORT,KINROSS,,SCOTLAND,KY13 9XU,MICRO ENTITY,70229 - Management consultancy activities other than financial management,,,,http://business.data.gov.uk/id/company/SC450443,,,,,,,,,,,,,,
151,GOLDSMAN TECH LTD,09516684,Private Limited Company,Active,United Kingdom,28/03/2015,,,UNIT 1 FIRST FLOOR,73 HANWORTH ROAD,HOUNSLOW,,ENGLAND,TW3 1TT,MICRO ENTITY,30300 - Manufacture of air and spacecraft and related machinery,"46170 - Agents involved in the sale of food, beverages and tobacco",,,http://business.data.gov.uk/id/company/09516684,,,,,,,,,,,,,,
152,AITCH CONSERVATION LTD,10179075,Private Limited Company,Active,United Kingdom,13/05/2016,,,32 SPRINGWOOD ESTATE,DELPH,OLDHAM,LANCASHIRE,UNITED KINGDOM,OL3 5HQ,TOTAL EXEMPTION FULL,01610 - Support activities for crop production,02100 - Silviculture and other forestry activities,02200 - Logging,74901 - Environmental consulting activities,http://business.data.gov.uk/id/company/10179075,,,,,,,,,,,,,,
153,ARTIFICIAL REAL TIME INTELLIGENCE AGENT LTD,16389271,Private Limited Company,Active,United Kingdom,15/04/2025,,,85 GREAT PORTLAND STREET,FIRST FLOOR,LONDON,,ENGLAND,W1W 7LT,NO ACCOUNTS FILED,58290 - Other software publishing,62020 - Information technology consultancy activities,,,http://business.data.gov.uk/id/company/16389271,,,,,,,,,,,,,,
154,LIAM DEEHAN HAULAGE LIMITED,13564003,Private Limited Company,Active,United Kingdom,12/08/2021,,,138 WOOD END GARDENS,,NORTHOLT,,ENGLAND,UB5 4QN,MICRO ENTITY,49410 - Freight transport by road,,,,http://business.data.gov.uk/id/company/13564003,,,,,,,,,,,,,,
155,THE VICTORIAN HOLDINGS GROUP LIMITED,17035430,Private Limited Company,Active,United Kingdom,16/02/2026,,,22-24 WORMWOOD STREET,,LONDON,,ENGLAND,EC2M 1RP,NO ACCOUNTS FILED,68209 - Other letting and operating of own or leased real estate,,,,http://business.data.gov.uk/id/company/17035430,,,,,,,,,,,,,,
156,DRAGON LAIR TATTOO STUDIO LIMITED,04789211,Private Limited Company,Active,United Kingdom,05/06/2003,,,17 THE SPRINGS,,WAKEFIELD,WEST YORKSHIRE,ENGLAND,WF1 1QE,MICRO ENTITY,82990 - Other business support service activities n.e.c.,90030 - Artistic creation,,,http://business.data.gov.uk/id/company/04789211,,,,,,,,,,,,,,
157,PATIENT ADVOCATE CONSULTANCY SERVICES LIMITED,11458565,Private Limited Company,Active,United Kingdom,11/07/2018,,,C/O UHY HACKER YOUNG THAMES HOUSE,ROMAN SQUARE,SITTINGBOURNE,KENT,UNITED KINGDOM,ME10 4BJ,TOTAL EXEMPTION FULL,96090 - Other service activities n.e.c.,,,,http://business.data.gov.uk/id/company/11458565,,,,,,,,,,,,,,
158,NIKAM CONSULTING LIMITED,09051541,Private Limited Company,Active,United Kingdom,22/05/2014,,,SPORTSMAN FARM,ST. MICHAELS,TENTERDEN,KENT,,TN30 6SY,MICRO ENTITY,96090 - Other service activities n.e.c.,,,,http://business.data.gov.uk/id/company/09051541,,,,,,,,,,,,,,
159,KINDA LTD,13882841,Private Limited Company,Active,United Kingdom,31/01/2022,,,1104A HARROW ROAD,,LONDON,,ENGLAND,NW10 5NL,MICRO ENTITY,56102 - Unlicensed restaurants and cafes,,,,http://business.data.gov.uk/id/company/13882841,,,,,,,,,,,,,,
160,AGP AUTOSERVICE LTD,12277319,Private Limited Company,Active,United Kingdom,23/10/2019,,,UNIT 2 CROFT FARM,BREDONS HARDWICK,TEWKESBURY,,ENGLAND,GL20 7EE,TOTAL EXEMPTION FULL,45200 - Maintenance and repair of motor vehicles,,,,http://business.data.gov.uk/id/company/12277319,,,,,,,,,,,,,,
161,MATT COX LTD,05212950,Private Limited Company,Active,United Kingdom,24/08/2004,,,MATT COX,257 WOOLTON ROAD,LIVERPOOL,,,L16 8NA,TOTAL EXEMPTION FULL,68209 - Other letting and operating of own or leased real estate,96020 - Hairdressing and other beauty treatment,,,http://business.data.gov.uk/id/company/05212950,,,,,,,,,,,,,,
162,KIDZPLAY COMMUNITY CIC,16883141,Community Interest Company,Active,United Kingdom,01/12/2025,,,154 STATION ROAD,,LONDON,,ENGLAND,E4 6AN,NO ACCOUNTS FILED,85600 - Educational support services,88910 - Child day-care activities,88990 - Other social work activities without accommodation n.e.c.,93290 - Other amusement and recreation activities n.e.c.,http://business.data.gov.uk/id/company/16883141,,,,,,,,,,,,,,
163,DIVAURAE CUSTOM LINGERIE MANUFACTURE LTD,11709579,Private Limited Company,Active,United Kingdom,04/12/2018,,,HOVA HOUSE,1 HOVA VILLAS,BRIGHTON & HOVE,,ENGLAND,BN3 3DH,TOTAL EXEMPTION FULL,14141 - Manufacture of men's underwear,14142 - Manufacture of women's underwear,14190 - Manufacture of other wearing apparel and accessories n.e.c.,47910 - Retail sale via mail order houses or via Internet,http://business.data.gov.uk/id/company/11709579,,,,,,,,,,,,,,
164,HUGGABLE NOTTINGHAM LTD,14116098,Private Limited Company,Active,United Kingdom,18/05/2022,,,PHOENIX WORKS,VERNON ROAD,NOTTINGHAM,,ENGLAND,NG6 0BX,TOTAL EXEMPTION FULL,13923 - manufacture of household textiles,,,,http://business.data.gov.uk/id/company/14116098,,,,,,,,,,,,,,
165,IVI FRESH LIMITED,13883568,Private Limited Company,Active,United Kingdom,31/01/2022,,,26 PEASCOD STREET,,WINDSOR,,ENGLAND,SL4 1DU,FULL,56102 - Unlicensed restaurants and cafes,,,,http://business.data.gov.uk/id/company/13883568,,,,,,,,,,,,,,
166,THE FLOWER SHOP SANDBACH LTD,15872505,Private Limited Company,Active,United Kingdom,02/08/2024,,,32A CONGLETON ROAD,,SANDBACH,,ENGLAND,CW11 1HJ,TOTAL EXEMPTION FULL,"47760 - Retail sale of flowers, plants, seeds, fertilizers, pet animals and pet food in specialised stores",,,,http://business.data.gov.uk/id/company/15872505,,,,,,,,,,,,,,
167,PERSON AND PEOPLE LIMITED,14779341,Private Limited Company,Active,United Kingdom,04/04/2023,,,FLAT 25,27 MAHINDRA WAY,LONDON,,UNITED KINGDOM,E6 5AN,MICRO ENTITY,78300 - Human resources provision and management of human resources functions,,,,http://business.data.gov.uk/id/company/14779341,,,,,,,,,,,,,,
168,BRIGHT LIGHT PERFORMANCE LTD,12250800,Private Limited Company,Active,United Kingdom,09/10/2019,,,5 DUCKETTS WHARF,SOUTH STREET,BISHOP'S STORTFORD,HERTFORDSHIRE,UNITED KINGDOM,CM23 3AR,TOTAL EXEMPTION FULL,70229 - Management consultancy activities other than financial management,,,,http://business.data.gov.uk/id/company/12250800,,,,,,,,,,,,,,
169,PRESTIGE BUILD GROUP LTD,17093573,Private Limited Company,Active,United Kingdom,16/03/2026,,,28 BRIXHAM ROAD,,WELLING,,ENGLAND,DA16 1EQ,NO ACCOUNTS FILED,41201 - Construction of commercial buildings,41202 - Construction of domestic buildings,,,http://business.data.gov.uk/id/company/17093573,,,,,,,,,,,,,,
170,SOLE AND CORE LIMITED,15938630,Private Limited Company,Active,United Kingdom,05/09/2024,,,14 HEARN CLOSE,PENN,HIGH WYCOMBE,,ENGLAND,HP10 8JT,MICRO ENTITY,47710 - Retail sale of clothing in specialised stores,47910 - Retail sale via mail order houses or via Internet,,,http://business.data.gov.uk/id/company/15938630,,,,,,,,,,,,,,
171,DRUMBOARTY HOLDINGS LIMITED,NI728209,Private Limited Company,Active,United Kingdom,04/04/2025,,,32 ARDMORE ROAD,,LONDONDERRY,,NORTHERN IRELAND,BT47 3QP,NO ACCOUNTS FILED,64209 - Activities of other holding companies n.e.c.,,,,http://business.data.gov.uk/id/company/NI728209,,,,,,,,,,,,,,
172,PEAK STORAGE SOLUTIONS LTD,16373943,Private Limited Company,Active,United Kingdom,08/04/2025,,,OLD OAK FARM MAGPIE LANE,LITTLE WARLEY,BRENTWOOD,,ENGLAND,CM13 3EA,NO ACCOUNTS FILED,52103 - Operation of warehousing and storage facilities for land transport activities,,,,http://business.data.gov.uk/id/company/16373943,,,,,,,,,,,,,,
173,VKP CONSTRUCTION LTD,14934718,Private Limited Company,Active,United Kingdom,14/06/2023,,,35A MANOR CLOSE,,LONDON,,ENGLAND,SE28 8EY,TOTAL EXEMPTION FULL,43999 - Other specialised construction activities n.e.c.,,,,http://business.data.gov.uk/id/company/14934718,,,,,,,,,,,,,,
174,THE FOUNDRY (CONGLETON) LTD,14986538,Private Limited Company,Active,United Kingdom,07/07/2023,,,BROOK MILL,PARKER STREET,MACCLESFIELD,CHESHIRE,ENGLAND,SK11 7BQ,MICRO ENTITY,56302 - Public houses and bars,,,,http://business.data.gov.uk/id/company/14986538,,,,,,,,,,,,,,
175,ZEMS ENTERTAINMENT LTD,13872380,Private Limited Company,Active,United Kingdom,26/01/2022,,,171 POWERSCROFT ROAD,,LONDON,,UNITED KINGDOM,E5 0PR,MICRO ENTITY,"78101 - Motion picture, television and other theatrical casting activities",,,,http://business.data.gov.uk/id/company/13872380,,,,,,,,,,,,,,
176,REZTERA LTD,17058599,Private Limited Company,Active,United Kingdom,26/02/2026,,,27 QUEENS COURT,QUEENS ROAD,RICHMOND,,UNITED KINGDOM,TW10 6LA,NO ACCOUNTS FILED,68310 - Real estate agencies,,,,http://business.data.gov.uk/id/company/17058599,,,,,,,,,,,,,,
177,PROCON WIND ENERGY LIMITED,09396374,Private Limited Company,Active,United Kingdom,20/01/2015,,,INNOVATION CENTRE,GALLOWS HILL,WARWICK,,UNITED KINGDOM,CV34 6UW,SMALL,96090 - Other service activities n.e.c.,,,,http://business.data.gov.uk/id/company/09396374,,,,,,,,,,,,,,
178,MELIORA BLACK GOLD FILM LTD,17039039,Private Limited Company,Active,United Kingdom,17/02/2026,,,"96, FLAT 4",CATHEDRAL ROAD,CARDIFF,SOUTH GLAMORGAN,UNITED KINGDOM,CF11 9LP,NO ACCOUNTS FILED,59111 - Motion picture production activities,,,,http://business.data.gov.uk/id/company/17039039,,,,,,,,,,,,,,
179,CASCADIA CONNECTIONS LTD,09399734,Private Limited Company,Active,United Kingdom,21/01/2015,,,9 LARK RISE CLOSE,LINDFIELD,HAYWARDS HEATH,,ENGLAND,RH16 2QW,MICRO ENTITY,62020 - Information technology consultancy activities,70229 - Management consultancy activities other than financial management,,,http://business.data.gov.uk/id/company/09399734,,,,,,,,,,,,,,
180,GINASWORLDBOUTIQUE & TRAVEL LTD,10958121,Private Limited Company,Active,United Kingdom,12/09/2017,,,81 STONE LODGE ROAD,,DARTFORD,,UNITED KINGDOM,DA2 6GZ,MICRO ENTITY,47710 - Retail sale of clothing in specialised stores,79120 - Tour operator activities,,,http://business.data.gov.uk/id/company/10958121,,,,,,,,,,,,,,
181,JBD SERVICES LTD,12108958,Private Limited Company,Active,United Kingdom,17/07/2019,,,6A STATION ROAD,ECKINGTON,SHEFFIELD,SOUTH YORKSHIRE,UNITED KINGDOM,S21 4FX,MICRO ENTITY,69201 - Accounting and auditing activities,,,,http://business.data.gov.uk/id/company/12108958,,,,,,,,,,,,,,
182,J&T RECOVERY SERVICES LTD,17204562,Private Limited Company,Active,United Kingdom,07/05/2026,,,114 HATTON HILL ROAD,LITHERLAND,LIVERPOOL,MERSEYSIDE,UNITED KINGDOM,L21 9JW,NO ACCOUNTS FILED,52290 - Other transportation support activities,,,,http://business.data.gov.uk/id/company/17204562,,,,,,,,,,,,,,
183,MEDILAD LTD,16696217,Private Limited Company,Active,United Kingdom,05/09/2025,,,71-75 SHELTON STREET,COVENT GARDEN,LONDON,,UNITED KINGDOM,WC2H 9JQ,NO ACCOUNTS FILED,58130 - Publishing of newspapers,63910 - News agency activities,73110 - Advertising agencies,,http://business.data.gov.uk/id/company/16696217,,,,,,,,,,,,,,
184,SEVEN KINGS BUILDERS LTD,17070843,Private Limited Company,Active,United Kingdom,04/03/2026,,,46 BURNS AVENUE,CHADWELL HEATH,ROMFORD,,ENGLAND,RM6 4DN,NO ACCOUNTS FILED,41100 - Development of building projects,41202 - Construction of domestic buildings,43390 - Other building completion and finishing,,http://business.data.gov.uk/id/company/17070843,,,,,,,,,,,,,,
185,SNOW AND ASSOCIATES LIMITED,10980622,Private Limited Company,Active,United Kingdom,25/09/2017,,,15 BRYNLAND AVENUE,,BRISTOL,,ENGLAND,BS7 9DR,MICRO ENTITY,69201 - Accounting and auditing activities,,,,http://business.data.gov.uk/id/company/10980622,,,,,,,,,,,,,,
186,GHP HOLDINGS LIMITED,16698375,Private Limited Company,Active,United Kingdom,05/09/2025,,,ST JOHNS COTTAGE MAIN ROAD,EAST BOLDRE,BROCKENHURST,,ENGLAND,SO42 7WD,NO ACCOUNTS FILED,64203 - Activities of construction holding companies,,,,http://business.data.gov.uk/id/company/16698375,,,,,,,,,,,,,,
187,SYCAMORE COURT MANAGEMENT (CHARD) LIMITED,01439226,"PRI/LTD BY GUAR/NSC (Private, limited by guarantee, no share capital)",Active,United Kingdom,23/07/1979,,,10 NORRINGTON WAY,,CHARD,SOMERSET,,TA20 2JP,MICRO ENTITY,98000 - Residents property management,,,,http://business.data.gov.uk/id/company/01439226,,,,,,,,,,,,,,
188,CREATIVE DIRECT LTD,14934237,Private Limited Company,Active,United Kingdom,13/06/2023,,,88 BOUNDARY ROAD,,HOVE,,ENGLAND,BN3 7GA,MICRO ENTITY,74100 - specialised design activities,,,,http://business.data.gov.uk/id/company/14934237,,,,,,,,,,,,,,
189,R. R. DEVELOPMENTS (SR) LIMITED,13574288,Private Limited Company,Active,United Kingdom,19/08/2021,,,2 UPPERTON GARDENS,,EASTBOURNE,,UNITED KINGDOM,BN21 2AH,TOTAL EXEMPTION FULL,41100 - Development of building projects,,,,http://business.data.gov.uk/id/company/13574288,,,,,,,,,,,,,,
190,RHODES AND BALKWILL GAMING LIMITED,17087868,Private Limited Company,Active,United Kingdom,12/03/2026,,,83-89 PHOENIX STREET,,SUTTON-IN-ASHFIELD,,ENGLAND,NG17 4HL,NO ACCOUNTS FILED,94990 - Activities of other membership organizations n.e.c.,,,,http://business.data.gov.uk/id/company/17087868,,,,,,,,,,,,,,
191,RES (LINCS) LTD,15133168,Private Limited Company,Active,United Kingdom,12/09/2023,,,34 BRACKENBOROUGH ROAD,,LOUTH,LINCOLNSHIRE,UNITED KINGDOM,LN11 0AE,MICRO ENTITY,33190 - Repair of other equipment,71129 - Other engineering activities,,,http://business.data.gov.uk/id/company/15133168,,,,,,,,,,,,,,
192,QBS BUILDING SERVICES LIMITED,11028970,Private Limited Company,Active,United Kingdom,24/10/2017,,,UNIT B-C 1 WEST VIEW,NEWBRIDGE,NEWPORT,,WALES,NP11 4FL,MICRO ENTITY,41100 - Development of building projects,,,,http://business.data.gov.uk/id/company/11028970,,,,,,,,,,,,,,
193,DOUCE CARE LTD,17283646,Private Limited Company,Active,United Kingdom,18/06/2026,,,320 CLARENCE ROAD,,PETERBOROUGH,,ENGLAND,PE1 2LQ,NO ACCOUNTS FILED,88910 - Child day-care activities,,,,http://business.data.gov.uk/id/company/17283646,,,,,,,,,,,,,,
194,UPPER HENDRE HOLDINGS LIMITED,14586212,Private Limited Company,Active,United Kingdom,11/01/2023,,,LARGIN GWEL,TWO WATERS FOOT,LISKEARD,,ENGLAND,PL14 6HR,MICRO ENTITY,70229 - Management consultancy activities other than financial management,,,,http://business.data.gov.uk/id/company/14586212,,,,,,,,,,,,,,
195,MADE REAL LTD,03954623,Private Limited Company,Active,United Kingdom,23/03/2000,,,C/O ASHFIELD ACCOUNTANCY,FIRST FLOOR 33 CHERTSEY RD,WOKING,SURREY,UNITED KINGDOM,GU21 5AJ,MICRO ENTITY,70229 - Management consultancy activities other than financial management,,,,http://business.data.gov.uk/id/company/03954623,,,,,,,,,,,,,,
196,YORKSHIRE MANUFACTURING LIMITED,11616184,Private Limited Company,Active,United Kingdom,10/10/2018,,,UNIT 10 BROOKFOOT BUSINESS PARK,ELLAND ROAD,BRIGHOUSE,,ENGLAND,HD6 2SD,UNAUDITED ABRIDGED,16230 - Manufacture of other builders' carpentry and joinery,,,,http://business.data.gov.uk/id/company/11616184,,,,,,,,,,,,,,
197,ELITE SYSTEM SOLUTIONS LIMITED,08597204,Private Limited Company,Active,United Kingdom,04/07/2013,,,4 LYNMOUTH COURT,LYNMOUTH ROAD,READING,,ENGLAND,RG1 8DD,MICRO ENTITY,80200 - Security systems service activities,,,,http://business.data.gov.uk/id/company/08597204,,,,,,,,,,,,,,
198,DIME DEVELOPMENT C.I.C.,15690433,Community Interest Company,Active,United Kingdom,29/04/2024,,,6 TEMSFORD CLOSE,,HARROW,,ENGLAND,HA2 6LB,TOTAL EXEMPTION FULL,85510 - Sports and recreation education,93199 - Other sports activities,,,http://business.data.gov.uk/id/company/15690433,,,,,,,,,,,,,,
199,DIVINE SERVICES STAFF RECRUITMNT LIMITED,15490671,Private Limited Company,Active,United Kingdom,14/02/2024,,,100 MILE END ROAD,,LONDON,,ENGLAND,E1 4UN,MICRO ENTITY,78109 - Other activities of employment placement agencies,,,,http://business.data.gov.uk/id/company/15490671,,,,,,,,,,,,,,
200,CASA DE ELIXIR LTD,SC896247,Private Limited Company,Active,United Kingdom,17/07/2026,,,5 FORTH WALK,,GLASGOW,LANARKSHIRE,SCOTLAND,G67 1BT,NO ACCOUNTS FILED,10890 - Manufacture of other food products n.e.c.,32990 - Other manufacturing n.e.c.,47789 - Other retail sale of new goods in specialised stores (not commercial art galleries and opticians),56102 - Unlicensed restaurants and cafes,http://business.data.gov.uk/id/company/SC896247,,,,,,,,,,,,,,
