sample_id,company_number,company_name,candidate_vat,raw_match,source_url,source_domain,source_type,query_type,search_query,extraction_reason,company_number_on_page,company_name_on_page,entity_evidence,evidence_text,local_company_number,local_company_name,local_entity_evidence,keep_after_local_filter
22,04442079,BIRCHWOOD CLADDING SYSTEMS LIMITED,586589957,GB586589957,http://www.vat-check.co.uk/verify/vat_check.php/VATNumber/GB801699717,vat-check.co.uk,WEBPAGE,COMPANY_NUMBER_GENERAL,"""04442079"" VAT",GB_PREFIX,True,True,COMPANY_NUMBER,RY LIMITED GB790297889 Share page on Facebook Lookup UK VAT number for a company Companies with similar names BIRCHWOOD GB586589957 BIRCHWOOD GB344254903 BIRCHWOOD (KENT) LIMITED GB683287596 BIRCHWOOD ADVISORS LTD GB464473865 BIRCHWOOD ANAESTHETIC CON,False,False,NO_LOCAL_ENTITY_LINK,False
22,04442079,BIRCHWOOD CLADDING SYSTEMS LIMITED,344254903,GB344254903,http://www.vat-check.co.uk/verify/vat_check.php/VATNumber/GB801699717,vat-check.co.uk,WEBPAGE,COMPANY_NUMBER_GENERAL,"""04442079"" VAT",GB_PREFIX,True,True,COMPANY_NUMBER, Share page on Facebook Lookup UK VAT number for a company Companies with similar names BIRCHWOOD GB586589957 BIRCHWOOD GB344254903 BIRCHWOOD (KENT) LIMITED GB683287596 BIRCHWOOD ADVISORS LTD GB464473865 BIRCHWOOD ANAESTHETIC CONSULTANTS LTD GB3473544,False,False,NO_LOCAL_ENTITY_LINK,False
22,04442079,BIRCHWOOD CLADDING SYSTEMS LIMITED,683287596,GB683287596,http://www.vat-check.co.uk/verify/vat_check.php/VATNumber/GB801699717,vat-check.co.uk,WEBPAGE,COMPANY_NUMBER_GENERAL,"""04442079"" VAT",GB_PREFIX,True,True,COMPANY_NUMBER, number for a company Companies with similar names BIRCHWOOD GB586589957 BIRCHWOOD GB344254903 BIRCHWOOD (KENT) LIMITED GB683287596 BIRCHWOOD ADVISORS LTD GB464473865 BIRCHWOOD ANAESTHETIC CONSULTANTS LTD GB347354487 BIRCHWOOD ART STUDIO LTD. GB463102,False,False,NO_LOCAL_ENTITY_LINK,False
22,04442079,BIRCHWOOD CLADDING SYSTEMS LIMITED,464473865,GB464473865,http://www.vat-check.co.uk/verify/vat_check.php/VATNumber/GB801699717,vat-check.co.uk,WEBPAGE,COMPANY_NUMBER_GENERAL,"""04442079"" VAT",GB_PREFIX,True,True,COMPANY_NUMBER,h similar names BIRCHWOOD GB586589957 BIRCHWOOD GB344254903 BIRCHWOOD (KENT) LIMITED GB683287596 BIRCHWOOD ADVISORS LTD GB464473865 BIRCHWOOD ANAESTHETIC CONSULTANTS LTD GB347354487 BIRCHWOOD ART STUDIO LTD. GB463102330 BIRCHWOOD AUTO LIMITED GB926739,False,False,NO_LOCAL_ENTITY_LINK,False
22,04442079,BIRCHWOOD CLADDING SYSTEMS LIMITED,347354487,GB347354487,http://www.vat-check.co.uk/verify/vat_check.php/VATNumber/GB801699717,vat-check.co.uk,WEBPAGE,COMPANY_NUMBER_GENERAL,"""04442079"" VAT",GB_PREFIX,True,True,COMPANY_NUMBER,344254903 BIRCHWOOD (KENT) LIMITED GB683287596 BIRCHWOOD ADVISORS LTD GB464473865 BIRCHWOOD ANAESTHETIC CONSULTANTS LTD GB347354487 BIRCHWOOD ART STUDIO LTD. GB463102330 BIRCHWOOD AUTO LIMITED GB926739879 BIRCHWOOD BBQ & GRILL LIMITE D GB429179860 BIR,False,False,NO_LOCAL_ENTITY_LINK,False
22,04442079,BIRCHWOOD CLADDING SYSTEMS LIMITED,463102330,GB463102330,http://www.vat-check.co.uk/verify/vat_check.php/VATNumber/GB801699717,vat-check.co.uk,WEBPAGE,COMPANY_NUMBER_GENERAL,"""04442079"" VAT",GB_PREFIX,True,True,COMPANY_NUMBER,83287596 BIRCHWOOD ADVISORS LTD GB464473865 BIRCHWOOD ANAESTHETIC CONSULTANTS LTD GB347354487 BIRCHWOOD ART STUDIO LTD. GB463102330 BIRCHWOOD AUTO LIMITED GB926739879 BIRCHWOOD BBQ & GRILL LIMITE D GB429179860 BIRCHWOOD BISTRO WINE LIMITE D GB46149717,False,False,NO_LOCAL_ENTITY_LINK,False
22,04442079,BIRCHWOOD CLADDING SYSTEMS LIMITED,926739879,GB926739879,http://www.vat-check.co.uk/verify/vat_check.php/VATNumber/GB801699717,vat-check.co.uk,WEBPAGE,COMPANY_NUMBER_GENERAL,"""04442079"" VAT",GB_PREFIX,True,True,COMPANY_NUMBER,64473865 BIRCHWOOD ANAESTHETIC CONSULTANTS LTD GB347354487 BIRCHWOOD ART STUDIO LTD. GB463102330 BIRCHWOOD AUTO LIMITED GB926739879 BIRCHWOOD BBQ & GRILL LIMITE D GB429179860 BIRCHWOOD BISTRO WINE LIMITE D GB461497177 BIRCHWOOD BOARDING KENNELS & CATT,False,False,NO_LOCAL_ENTITY_LINK,False
22,04442079,BIRCHWOOD CLADDING SYSTEMS LIMITED,429179860,GB429179860,http://www.vat-check.co.uk/verify/vat_check.php/VATNumber/GB801699717,vat-check.co.uk,WEBPAGE,COMPANY_NUMBER_GENERAL,"""04442079"" VAT",GB_PREFIX,True,True,COMPANY_NUMBER,LTD GB347354487 BIRCHWOOD ART STUDIO LTD. GB463102330 BIRCHWOOD AUTO LIMITED GB926739879 BIRCHWOOD BBQ & GRILL LIMITE D GB429179860 BIRCHWOOD BISTRO WINE LIMITE D GB461497177 BIRCHWOOD BOARDING KENNELS & CATTERY LIMITED GB790297889 BIRCHWOOD BUILDING ,False,False,NO_LOCAL_ENTITY_LINK,False
22,04442079,BIRCHWOOD CLADDING SYSTEMS LIMITED,461497177,GB461497177,http://www.vat-check.co.uk/verify/vat_check.php/VATNumber/GB801699717,vat-check.co.uk,WEBPAGE,COMPANY_NUMBER_GENERAL,"""04442079"" VAT",GB_PREFIX,True,True,COMPANY_NUMBER,B463102330 BIRCHWOOD AUTO LIMITED GB926739879 BIRCHWOOD BBQ & GRILL LIMITE D GB429179860 BIRCHWOOD BISTRO WINE LIMITE D GB461497177 BIRCHWOOD BOARDING KENNELS & CATTERY LIMITED GB790297889 BIRCHWOOD BUILDING & JOINERY CONTRACTORS LIMITED GB364532257 B,False,False,NO_LOCAL_ENTITY_LINK,False
22,04442079,BIRCHWOOD CLADDING SYSTEMS LIMITED,364532257,GB364532257,http://www.vat-check.co.uk/verify/vat_check.php/VATNumber/GB801699717,vat-check.co.uk,WEBPAGE,COMPANY_NUMBER_GENERAL,"""04442079"" VAT",GB_PREFIX,True,True,COMPANY_NUMBER,D GB461497177 BIRCHWOOD BOARDING KENNELS & CATTERY LIMITED GB790297889 BIRCHWOOD BUILDING & JOINERY CONTRACTORS LIMITED GB364532257 BIRCHWOOD CAPITAL LIMITED GB420697789 BIRCHWOOD CAR SALES LTD GB446087087 BIRCHWOOD CARAVAN SERVICES LTD GB825532827 BI,False,False,NO_LOCAL_ENTITY_LINK,False
22,04442079,BIRCHWOOD CLADDING SYSTEMS LIMITED,420697789,GB420697789,http://www.vat-check.co.uk/verify/vat_check.php/VATNumber/GB801699717,vat-check.co.uk,WEBPAGE,COMPANY_NUMBER_GENERAL,"""04442079"" VAT",GB_PREFIX,True,True,COMPANY_NUMBER,LS & CATTERY LIMITED GB790297889 BIRCHWOOD BUILDING & JOINERY CONTRACTORS LIMITED GB364532257 BIRCHWOOD CAPITAL LIMITED GB420697789 BIRCHWOOD CAR SALES LTD GB446087087 BIRCHWOOD CARAVAN SERVICES LTD GB825532827 BIRCHWOOD CATERING LTD GB381008323 BIRCH,False,False,NO_LOCAL_ENTITY_LINK,False
22,04442079,BIRCHWOOD CLADDING SYSTEMS LIMITED,446087087,GB446087087,http://www.vat-check.co.uk/verify/vat_check.php/VATNumber/GB801699717,vat-check.co.uk,WEBPAGE,COMPANY_NUMBER_GENERAL,"""04442079"" VAT",GB_PREFIX,True,True,COMPANY_NUMBER,CHWOOD BUILDING & JOINERY CONTRACTORS LIMITED GB364532257 BIRCHWOOD CAPITAL LIMITED GB420697789 BIRCHWOOD CAR SALES LTD GB446087087 BIRCHWOOD CARAVAN SERVICES LTD GB825532827 BIRCHWOOD CATERING LTD GB381008323 BIRCHWOOD CHEMICALS LTD GB752095138 BIRCH,False,False,NO_LOCAL_ENTITY_LINK,False
22,04442079,BIRCHWOOD CLADDING SYSTEMS LIMITED,825532827,GB825532827,http://www.vat-check.co.uk/verify/vat_check.php/VATNumber/GB801699717,vat-check.co.uk,WEBPAGE,COMPANY_NUMBER_GENERAL,"""04442079"" VAT",GB_PREFIX,True,True,COMPANY_NUMBER,ED GB364532257 BIRCHWOOD CAPITAL LIMITED GB420697789 BIRCHWOOD CAR SALES LTD GB446087087 BIRCHWOOD CARAVAN SERVICES LTD GB825532827 BIRCHWOOD CATERING LTD GB381008323 BIRCHWOOD CHEMICALS LTD GB752095138 BIRCHWOOD COMMERCIAL LIMITED GB786663766 BIRCHWO,False,False,NO_LOCAL_ENTITY_LINK,False
22,04442079,BIRCHWOOD CLADDING SYSTEMS LIMITED,381008323,GB381008323,http://www.vat-check.co.uk/verify/vat_check.php/VATNumber/GB801699717,vat-check.co.uk,WEBPAGE,COMPANY_NUMBER_GENERAL,"""04442079"" VAT",GB_PREFIX,True,True,COMPANY_NUMBER,MITED GB420697789 BIRCHWOOD CAR SALES LTD GB446087087 BIRCHWOOD CARAVAN SERVICES LTD GB825532827 BIRCHWOOD CATERING LTD GB381008323 BIRCHWOOD CHEMICALS LTD GB752095138 BIRCHWOOD COMMERCIAL LIMITED GB786663766 BIRCHWOOD CONSERVATORIES LIMITED GB7978431,False,False,NO_LOCAL_ENTITY_LINK,False
22,04442079,BIRCHWOOD CLADDING SYSTEMS LIMITED,752095138,GB752095138,http://www.vat-check.co.uk/verify/vat_check.php/VATNumber/GB801699717,vat-check.co.uk,WEBPAGE,COMPANY_NUMBER_GENERAL,"""04442079"" VAT",GB_PREFIX,True,True,COMPANY_NUMBER,S LTD GB446087087 BIRCHWOOD CARAVAN SERVICES LTD GB825532827 BIRCHWOOD CATERING LTD GB381008323 BIRCHWOOD CHEMICALS LTD GB752095138 BIRCHWOOD COMMERCIAL LIMITED GB786663766 BIRCHWOOD CONSERVATORIES LIMITED GB797843163 BIRCHWOOD CONSTRUCTION & CAR PENT,False,False,NO_LOCAL_ENTITY_LINK,False
22,04442079,BIRCHWOOD CLADDING SYSTEMS LIMITED,786663766,GB786663766,http://www.vat-check.co.uk/verify/vat_check.php/VATNumber/GB801699717,vat-check.co.uk,WEBPAGE,COMPANY_NUMBER_GENERAL,"""04442079"" VAT",GB_PREFIX,True,True,COMPANY_NUMBER,CES LTD GB825532827 BIRCHWOOD CATERING LTD GB381008323 BIRCHWOOD CHEMICALS LTD GB752095138 BIRCHWOOD COMMERCIAL LIMITED GB786663766 BIRCHWOOD CONSERVATORIES LIMITED GB797843163 BIRCHWOOD CONSTRUCTION & CAR PENTRY LIMI TED GB280499571 BIRCHWOOD CONSULT,False,False,NO_LOCAL_ENTITY_LINK,False
22,04442079,BIRCHWOOD CLADDING SYSTEMS LIMITED,797843163,GB797843163,http://www.vat-check.co.uk/verify/vat_check.php/VATNumber/GB801699717,vat-check.co.uk,WEBPAGE,COMPANY_NUMBER_GENERAL,"""04442079"" VAT",GB_PREFIX,True,True,COMPANY_NUMBER,381008323 BIRCHWOOD CHEMICALS LTD GB752095138 BIRCHWOOD COMMERCIAL LIMITED GB786663766 BIRCHWOOD CONSERVATORIES LIMITED GB797843163 BIRCHWOOD CONSTRUCTION & CAR PENTRY LIMI TED GB280499571 BIRCHWOOD CONSULTANCIES LTD GB267500504 Was this data useful? ,False,False,NO_LOCAL_ENTITY_LINK,False
22,04442079,BIRCHWOOD CLADDING SYSTEMS LIMITED,280499571,GB280499571,http://www.vat-check.co.uk/verify/vat_check.php/VATNumber/GB801699717,vat-check.co.uk,WEBPAGE,COMPANY_NUMBER_GENERAL,"""04442079"" VAT",GB_PREFIX,True,True,COMPANY_NUMBER,"OMMERCIAL LIMITED GB786663766 BIRCHWOOD CONSERVATORIES LIMITED GB797843163 BIRCHWOOD CONSTRUCTION & CAR PENTRY LIMI TED GB280499571 BIRCHWOOD CONSULTANCIES LTD GB267500504 Was this data useful? If you found the data here useful, PLEASE HELP US. We are",False,False,NO_LOCAL_ENTITY_LINK,False
22,04442079,BIRCHWOOD CLADDING SYSTEMS LIMITED,267500504,GB267500504,http://www.vat-check.co.uk/verify/vat_check.php/VATNumber/GB801699717,vat-check.co.uk,WEBPAGE,COMPANY_NUMBER_GENERAL,"""04442079"" VAT",GB_PREFIX,True,True,COMPANY_NUMBER,"CONSERVATORIES LIMITED GB797843163 BIRCHWOOD CONSTRUCTION & CAR PENTRY LIMI TED GB280499571 BIRCHWOOD CONSULTANCIES LTD GB267500504 Was this data useful? If you found the data here useful, PLEASE HELP US. We are a start-up and believe in making inform",False,False,NO_LOCAL_ENTITY_LINK,False
50,06521162,EARLY RISE SCAFFOLDING LIMITED,692909782,GB692909782,http://vat-lookup.com/verify/vat_check.php/VATNumber/GB723384341,vat-lookup.com,WEBPAGE,COMPANY_NUMBER_GENERAL,"""06521162"" VAT",GB_PREFIX,True,True,COMPANY_NUMBER,es At Post Code TR13 0SR AFFINA MARINE LTD GB898631659 ALGARNICK FARMS LTD. GB704523268 B. HARVEY PROPERTY SERVICES LTD GB692909782 CORNWALL SHED COMPANY LTD GB768703983 CTC SOUTH WEST LIMITED GB383912825 DELVE & NANKERVIS LIMITED GB131629780 GEORGE S,False,False,NO_LOCAL_ENTITY_LINK,False
50,06521162,EARLY RISE SCAFFOLDING LIMITED,768703983,GB768703983,http://vat-lookup.com/verify/vat_check.php/VATNumber/GB723384341,vat-lookup.com,WEBPAGE,COMPANY_NUMBER_GENERAL,"""06521162"" VAT",GB_PREFIX,True,True,COMPANY_NUMBER, LTD GB898631659 ALGARNICK FARMS LTD. GB704523268 B. HARVEY PROPERTY SERVICES LTD GB692909782 CORNWALL SHED COMPANY LTD GB768703983 CTC SOUTH WEST LIMITED GB383912825 DELVE & NANKERVIS LIMITED GB131629780 GEORGE SEAL LIMITED GB521390475 GRACELOFT LIMI,False,False,NO_LOCAL_ENTITY_LINK,False
50,06521162,EARLY RISE SCAFFOLDING LIMITED,383912825,GB383912825,http://vat-lookup.com/verify/vat_check.php/VATNumber/GB723384341,vat-lookup.com,WEBPAGE,COMPANY_NUMBER_GENERAL,"""06521162"" VAT",GB_PREFIX,True,True,COMPANY_NUMBER,D. GB704523268 B. HARVEY PROPERTY SERVICES LTD GB692909782 CORNWALL SHED COMPANY LTD GB768703983 CTC SOUTH WEST LIMITED GB383912825 DELVE & NANKERVIS LIMITED GB131629780 GEORGE SEAL LIMITED GB521390475 GRACELOFT LIMITED GB133358970 HOLLANDS & LONG LIM,False,False,NO_LOCAL_ENTITY_LINK,False
50,06521162,EARLY RISE SCAFFOLDING LIMITED,131629780,GB131629780,http://vat-lookup.com/verify/vat_check.php/VATNumber/GB723384341,vat-lookup.com,WEBPAGE,COMPANY_NUMBER_GENERAL,"""06521162"" VAT",GB_PREFIX,True,True,COMPANY_NUMBER,ICES LTD GB692909782 CORNWALL SHED COMPANY LTD GB768703983 CTC SOUTH WEST LIMITED GB383912825 DELVE & NANKERVIS LIMITED GB131629780 GEORGE SEAL LIMITED GB521390475 GRACELOFT LIMITED GB133358970 HOLLANDS & LONG LIMITED GB337144172 JOHN MITCHELL TRANSPO,False,False,NO_LOCAL_ENTITY_LINK,False
50,06521162,EARLY RISE SCAFFOLDING LIMITED,521390475,GB521390475,http://vat-lookup.com/verify/vat_check.php/VATNumber/GB723384341,vat-lookup.com,WEBPAGE,COMPANY_NUMBER_GENERAL,"""06521162"" VAT",GB_PREFIX,True,True,COMPANY_NUMBER,ED COMPANY LTD GB768703983 CTC SOUTH WEST LIMITED GB383912825 DELVE & NANKERVIS LIMITED GB131629780 GEORGE SEAL LIMITED GB521390475 GRACELOFT LIMITED GB133358970 HOLLANDS & LONG LIMITED GB337144172 JOHN MITCHELL TRANSPORT LIMITED GB383727424 Share pag,False,False,NO_LOCAL_ENTITY_LINK,False
50,06521162,EARLY RISE SCAFFOLDING LIMITED,133358970,GB133358970,http://vat-lookup.com/verify/vat_check.php/VATNumber/GB723384341,vat-lookup.com,WEBPAGE,COMPANY_NUMBER_GENERAL,"""06521162"" VAT",GB_PREFIX,True,True,COMPANY_NUMBER, SOUTH WEST LIMITED GB383912825 DELVE & NANKERVIS LIMITED GB131629780 GEORGE SEAL LIMITED GB521390475 GRACELOFT LIMITED GB133358970 HOLLANDS & LONG LIMITED GB337144172 JOHN MITCHELL TRANSPORT LIMITED GB383727424 Share page on Facebook Lookup UK VAT nu,False,False,NO_LOCAL_ENTITY_LINK,False
50,06521162,EARLY RISE SCAFFOLDING LIMITED,337144172,GB337144172,http://vat-lookup.com/verify/vat_check.php/VATNumber/GB723384341,vat-lookup.com,WEBPAGE,COMPANY_NUMBER_GENERAL,"""06521162"" VAT",GB_PREFIX,True,True,COMPANY_NUMBER,E & NANKERVIS LIMITED GB131629780 GEORGE SEAL LIMITED GB521390475 GRACELOFT LIMITED GB133358970 HOLLANDS & LONG LIMITED GB337144172 JOHN MITCHELL TRANSPORT LIMITED GB383727424 Share page on Facebook Lookup UK VAT number for a company Was this data use,False,False,NO_LOCAL_ENTITY_LINK,False
50,06521162,EARLY RISE SCAFFOLDING LIMITED,383727424,GB383727424,http://vat-lookup.com/verify/vat_check.php/VATNumber/GB723384341,vat-lookup.com,WEBPAGE,COMPANY_NUMBER_GENERAL,"""06521162"" VAT",GB_PREFIX,True,True,COMPANY_NUMBER,"L LIMITED GB521390475 GRACELOFT LIMITED GB133358970 HOLLANDS & LONG LIMITED GB337144172 JOHN MITCHELL TRANSPORT LIMITED GB383727424 Share page on Facebook Lookup UK VAT number for a company Was this data useful? If you found the data here useful, PLEA",False,False,NO_LOCAL_ENTITY_LINK,False
57,09359822,TORQUAY TENNIS CLUB LIMITED,496785415,496785415,https://www.formationdata.co.uk/company/torquay-tennis-club-limited-09359822,formationdata.co.uk,WEBPAGE,COMPANY_NUMBER_GENERAL,"""09359822"" VAT",VAT_CONTEXT,True,True,COMPANY_NUMBER,"ettings Add us as preferred source FormationData Systems Ltd · Company number 16398949 · VAT number 496785415 · ICO registration number ZC153815 Registered office: 10 Brooklands Court, Kettering Venture Park, ",False,False,NO_LOCAL_ENTITY_LINK,False
86,10547971,M & A BRANDS LTD,304767501,GB304767501,https://vat-lookup.co.uk/verify/vat_check.php/VATNumber/GB360448307/CompanyName/M+&+A+BRANDS+LTD,vat-lookup.co.uk,VAT_LOOKUP,COMPANY_NAME_GENERAL,"""M & A BRANDS LTD"" ""VAT""",GB_PREFIX,True,True,COMPANY_NUMBER,st Code E1 5NP E1 PRINTING LIMITED GB160418335 LASTMINUTEPRINT.COM LIMITED GB175765957 B PRASAD & BROTHERS FOOD LIMITED GB304767501 BLUEBELL RESIDENTIAL LIMITED GB427637967 SURAIYAA SOUTH LIMITED GB422055242 Share page on Facebook Lookup UK VAT number,False,False,NO_LOCAL_ENTITY_LINK,False
86,10547971,M & A BRANDS LTD,427637967,GB427637967,https://vat-lookup.co.uk/verify/vat_check.php/VATNumber/GB360448307/CompanyName/M+&+A+BRANDS+LTD,vat-lookup.co.uk,VAT_LOOKUP,COMPANY_NAME_GENERAL,"""M & A BRANDS LTD"" ""VAT""",GB_PREFIX,True,True,COMPANY_NUMBER,18335 LASTMINUTEPRINT.COM LIMITED GB175765957 B PRASAD & BROTHERS FOOD LIMITED GB304767501 BLUEBELL RESIDENTIAL LIMITED GB427637967 SURAIYAA SOUTH LIMITED GB422055242 Share page on Facebook Lookup UK VAT number for a company Was this data useful? If y,False,False,NO_LOCAL_ENTITY_LINK,False
86,10547971,M & A BRANDS LTD,422055242,GB422055242,https://vat-lookup.co.uk/verify/vat_check.php/VATNumber/GB360448307/CompanyName/M+&+A+BRANDS+LTD,vat-lookup.co.uk,VAT_LOOKUP,COMPANY_NAME_GENERAL,"""M & A BRANDS LTD"" ""VAT""",GB_PREFIX,True,True,COMPANY_NUMBER,"B175765957 B PRASAD & BROTHERS FOOD LIMITED GB304767501 BLUEBELL RESIDENTIAL LIMITED GB427637967 SURAIYAA SOUTH LIMITED GB422055242 Share page on Facebook Lookup UK VAT number for a company Was this data useful? If you found the data here useful, PLEA",False,False,NO_LOCAL_ENTITY_LINK,False
96,15366267,FINCH JOHNSON HOLDINGS LIMITED,496785415,496785415,https://www.formationdata.co.uk/company/finch-johnson-holdings-limited-15366267,formationdata.co.uk,WEBPAGE,COMPANY_NUMBER_GENERAL,"""15366267"" VAT",VAT_CONTEXT,True,True,COMPANY_NUMBER,"ettings Add us as preferred source FormationData Systems Ltd · Company number 16398949 · VAT number 496785415 · ICO registration number ZC153815 Registered office: 10 Brooklands Court, Kettering Venture Park, ",False,False,NO_LOCAL_ENTITY_LINK,False
114,08780811,FRESHBUILD LIMITED,354210881,GB354210881,https://www.vat-lookup.co.uk/verify/vat_check.php/VATNumber/GB341306832/CompanyName/FRESHBUILD+LIMITED,vat-lookup.co.uk,SEARCH_SNIPPET,VAT_LOOKUP_COMPANY_NUMBER,"""08780811"" site:vat-lookup.co.uk",GB_PREFIX,True,True,COMPANY_NUMBER,"ation, financial informaton, assets, history and more Feb 5, 2025 · WASTECARE LIMITED VAT sales tax information. VAT id GB354210881. Company registration number 01631444. Lookup / search / check company VAT registration information. Find a company's V",False,False,NO_LOCAL_ENTITY_LINK,False
114,08780811,FRESHBUILD LIMITED,874452011,GB874452011,https://www.vat-lookup.co.uk/verify/vat_check.php/VATNumber/GB341306832/CompanyName/FRESHBUILD+LIMITED,vat-lookup.co.uk,SEARCH_SNIPPET,VAT_LOOKUP_COMPANY_NUMBER,"""08780811"" site:vat-lookup.co.uk",GB_PREFIX,True,True,COMPANY_NUMBER,"ation information, financial informaton, assets, history and more NORTHERN LABELS LTD VAT sales tax information. VAT id GB874452011. Company registration number 05656853. Lookup / search / check company VAT registration information. Find a company's V",False,False,NO_LOCAL_ENTITY_LINK,False
114,08780811,FRESHBUILD LIMITED,802561850,GB802561850,https://www.vat-lookup.co.uk/verify/vat_check.php/VATNumber/GB341306832/CompanyName/FRESHBUILD+LIMITED,vat-lookup.co.uk,SEARCH_SNIPPET,VAT_LOOKUP_COMPANY_NUMBER,"""08780811"" site:vat-lookup.co.uk",GB_PREFIX,True,True,COMPANY_NUMBER,"ation, financial informaton, assets, history and more Jan 25, 2025 · SMITH GLOBAL LTD VAT sales tax information. VAT id GB802561850. Company registration number 04438845. Lookup / search / check company VAT registration information. Find a company's V",False,False,NO_LOCAL_ENTITY_LINK,False
114,08780811,FRESHBUILD LIMITED,678144310,GB678144310,https://www.vat-lookup.co.uk/verify/vat_check.php/VATNumber/GB341306832/CompanyName/FRESHBUILD+LIMITED,vat-lookup.co.uk,SEARCH_SNIPPET,VAT_LOOKUP_COMPANY_NUMBER,"""08780811"" site:vat-lookup.co.uk",GB_PREFIX,True,True,COMPANY_NUMBER,"tration information, financial informaton, assets, history and more INFOSHARE LIMITED VAT sales tax information. VAT id GB678144310. Company registration number 02877612. Lookup / search / check company VAT registration information. Find a company's V",False,False,NO_LOCAL_ENTITY_LINK,False
114,08780811,FRESHBUILD LIMITED,927213827,GB927213827,https://www.vat-lookup.co.uk/verify/vat_check.php/VATNumber/GB341306832/CompanyName/FRESHBUILD+LIMITED,vat-lookup.co.uk,SEARCH_SNIPPET,VAT_LOOKUP_COMPANY_NUMBER,"""08780811"" site:vat-lookup.co.uk",GB_PREFIX,True,True,COMPANY_NUMBER,"on information, financial informaton, assets, history and more MARSH HOLDINGS LIMITED VAT sales tax information. VAT id GB927213827. Company registration number 06534716. Lookup / search / check company VAT registration information. Find a company's V",False,False,NO_LOCAL_ENTITY_LINK,False
114,08780811,FRESHBUILD LIMITED,355276875,GB355276875,https://www.vat-lookup.co.uk/verify/vat_check.php/VATNumber/GB341306832/CompanyName/FRESHBUILD+LIMITED,vat-lookup.co.uk,SEARCH_SNIPPET,VAT_LOOKUP_COMPANY_NAME,"""FRESHBUILD LIMITED"" site:vat-lookup.co.uk",GB_PREFIX,True,True,COMPANY_NUMBER,eck the information against companies house and other company records. 8BUILD LIMITED VAT sales tax information. VAT id GB355276875. Company registration number 05523722. Lookup / search / check company VAT registration information. Find a company's V,False,False,NO_LOCAL_ENTITY_LINK,False
114,08780811,FRESHBUILD LIMITED,945173512,GB945173512,https://www.vat-lookup.co.uk/verify/vat_check.php/VATNumber/GB341306832/CompanyName/FRESHBUILD+LIMITED,vat-lookup.co.uk,SEARCH_SNIPPET,VAT_LOOKUP_COMPANY_NAME,"""FRESHBUILD LIMITED"" site:vat-lookup.co.uk",GB_PREFIX,True,True,COMPANY_NUMBER,"ormation, financial informaton, assets, history and more APW SUPPORT SERVICES LIMITED VAT sales tax information. VAT id GB945173512. Company registration number 06791601. Lookup / search / check company VAT registration information. Find a company's V",False,False,NO_LOCAL_ENTITY_LINK,False
114,08780811,FRESHBUILD LIMITED,177295370,GB177295370,https://www.vat-lookup.co.uk/verify/vat_check.php/VATNumber/GB341306832/CompanyName/FRESHBUILD+LIMITED,vat-lookup.co.uk,SEARCH_SNIPPET,VAT_LOOKUP_COMPANY_NAME,"""FRESHBUILD LIMITED"" site:vat-lookup.co.uk",GB_PREFIX,True,True,COMPANY_NUMBER,"ation information, financial informaton, assets, history and more RDC UK (LONDON) LTD VAT sales tax information. VAT id GB177295370. Company registration number 07642545. Lookup / search / check company VAT registration information. Find a company's V",False,False,NO_LOCAL_ENTITY_LINK,False
114,08780811,FRESHBUILD LIMITED,752995876,GB752995876,https://www.vat-lookup.co.uk/verify/vat_check.php/VATNumber/GB341306832/CompanyName/FRESHBUILD+LIMITED,vat-lookup.co.uk,SEARCH_SNIPPET,VAT_LOOKUP_COMPANY_NAME,"""FRESHBUILD LIMITED"" site:vat-lookup.co.uk",GB_PREFIX,True,True,COMPANY_NUMBER,"pany registration information, financial informaton, assets, history and more TLT LLP VAT sales tax information. VAT id GB752995876. Company registration number OC308658. Lookup / search / check company VAT registration information. Find a company's V",False,False,NO_LOCAL_ENTITY_LINK,False
114,08780811,FRESHBUILD LIMITED,328121919,GB328121919,https://www.vat-lookup.co.uk/verify/vat_check.php/VATNumber/GB341306832/CompanyName/FRESHBUILD+LIMITED,vat-lookup.co.uk,SEARCH_SNIPPET,VAT_LOOKUP_COMPANY_NAME,"""FRESHBUILD LIMITED"" site:vat-lookup.co.uk",GB_PREFIX,True,True,COMPANY_NUMBER,"tion information, financial informaton, assets, history and more RISKPOINT, UK BRANCH VAT sales tax information. VAT id GB328121919. Company registration number FC035432. Lookup / search / check company VAT registration information. Find a company's V",False,False,NO_LOCAL_ENTITY_LINK,False
130,11406651,JUST DESIGNER BRANDS LIMITED,193745571,GB193745571,http://vatsearch.co.uk/verify/vat_check.php/VATNumber/GB325056719,vatsearch.co.uk,WEBPAGE,NAME_POSTCODE_GENERAL,"""JUST DESIGNER BRANDS LIMITED"" ""BD7 1NP"" VAT",GB_PREFIX,True,True,COMPANY_NUMBER,MITED >> Companies At Post Code BD7 1NP CAFE JANAN LIMITED GB324864588 JANAN LIMITED GB117513828 3AK BIRMINGHAM LIMITED GB193745571 3AK (MANCHESTER) LIMITED GB209996459 JANAN ONLINE LIMITED GB221436445 3AK LONDON LIMITED GB218671888 J. PERFUMES LIMITE,False,False,NO_LOCAL_ENTITY_LINK,False
130,11406651,JUST DESIGNER BRANDS LIMITED,209996459,GB209996459,http://vatsearch.co.uk/verify/vat_check.php/VATNumber/GB325056719,vatsearch.co.uk,WEBPAGE,NAME_POSTCODE_GENERAL,"""JUST DESIGNER BRANDS LIMITED"" ""BD7 1NP"" VAT",GB_PREFIX,True,True,COMPANY_NUMBER,NP CAFE JANAN LIMITED GB324864588 JANAN LIMITED GB117513828 3AK BIRMINGHAM LIMITED GB193745571 3AK (MANCHESTER) LIMITED GB209996459 JANAN ONLINE LIMITED GB221436445 3AK LONDON LIMITED GB218671888 J. PERFUMES LIMITED GB227888166 3AK (LUTON) LIMITED GB3,False,False,NO_LOCAL_ENTITY_LINK,False
130,11406651,JUST DESIGNER BRANDS LIMITED,221436445,GB221436445,http://vatsearch.co.uk/verify/vat_check.php/VATNumber/GB325056719,vatsearch.co.uk,WEBPAGE,NAME_POSTCODE_GENERAL,"""JUST DESIGNER BRANDS LIMITED"" ""BD7 1NP"" VAT",GB_PREFIX,True,True,COMPANY_NUMBER, JANAN LIMITED GB117513828 3AK BIRMINGHAM LIMITED GB193745571 3AK (MANCHESTER) LIMITED GB209996459 JANAN ONLINE LIMITED GB221436445 3AK LONDON LIMITED GB218671888 J. PERFUMES LIMITED GB227888166 3AK (LUTON) LIMITED GB315338811 3AK (GLASGOW) LIMITED GB,False,False,NO_LOCAL_ENTITY_LINK,False
130,11406651,JUST DESIGNER BRANDS LIMITED,218671888,GB218671888,http://vatsearch.co.uk/verify/vat_check.php/VATNumber/GB325056719,vatsearch.co.uk,WEBPAGE,NAME_POSTCODE_GENERAL,"""JUST DESIGNER BRANDS LIMITED"" ""BD7 1NP"" VAT",GB_PREFIX,True,True,COMPANY_NUMBER,BIRMINGHAM LIMITED GB193745571 3AK (MANCHESTER) LIMITED GB209996459 JANAN ONLINE LIMITED GB221436445 3AK LONDON LIMITED GB218671888 J. PERFUMES LIMITED GB227888166 3AK (LUTON) LIMITED GB315338811 3AK (GLASGOW) LIMITED GB287953342 3AK ALUM ROCK LIMITED,False,False,NO_LOCAL_ENTITY_LINK,False
130,11406651,JUST DESIGNER BRANDS LIMITED,227888166,GB227888166,http://vatsearch.co.uk/verify/vat_check.php/VATNumber/GB325056719,vatsearch.co.uk,WEBPAGE,NAME_POSTCODE_GENERAL,"""JUST DESIGNER BRANDS LIMITED"" ""BD7 1NP"" VAT",GB_PREFIX,True,True,COMPANY_NUMBER,AK (MANCHESTER) LIMITED GB209996459 JANAN ONLINE LIMITED GB221436445 3AK LONDON LIMITED GB218671888 J. PERFUMES LIMITED GB227888166 3AK (LUTON) LIMITED GB315338811 3AK (GLASGOW) LIMITED GB287953342 3AK ALUM ROCK LIMITED GB322214259 Share page on Faceb,False,False,NO_LOCAL_ENTITY_LINK,False
130,11406651,JUST DESIGNER BRANDS LIMITED,315338811,GB315338811,http://vatsearch.co.uk/verify/vat_check.php/VATNumber/GB325056719,vatsearch.co.uk,WEBPAGE,NAME_POSTCODE_GENERAL,"""JUST DESIGNER BRANDS LIMITED"" ""BD7 1NP"" VAT",GB_PREFIX,True,True,COMPANY_NUMBER,459 JANAN ONLINE LIMITED GB221436445 3AK LONDON LIMITED GB218671888 J. PERFUMES LIMITED GB227888166 3AK (LUTON) LIMITED GB315338811 3AK (GLASGOW) LIMITED GB287953342 3AK ALUM ROCK LIMITED GB322214259 Share page on Facebook Lookup UK VAT number for a c,False,False,NO_LOCAL_ENTITY_LINK,False
130,11406651,JUST DESIGNER BRANDS LIMITED,287953342,GB287953342,http://vatsearch.co.uk/verify/vat_check.php/VATNumber/GB325056719,vatsearch.co.uk,WEBPAGE,NAME_POSTCODE_GENERAL,"""JUST DESIGNER BRANDS LIMITED"" ""BD7 1NP"" VAT",GB_PREFIX,True,True,COMPANY_NUMBER,45 3AK LONDON LIMITED GB218671888 J. PERFUMES LIMITED GB227888166 3AK (LUTON) LIMITED GB315338811 3AK (GLASGOW) LIMITED GB287953342 3AK ALUM ROCK LIMITED GB322214259 Share page on Facebook Lookup UK VAT number for a company Was this data useful? If yo,False,False,NO_LOCAL_ENTITY_LINK,False
130,11406651,JUST DESIGNER BRANDS LIMITED,322214259,GB322214259,http://vatsearch.co.uk/verify/vat_check.php/VATNumber/GB325056719,vatsearch.co.uk,WEBPAGE,NAME_POSTCODE_GENERAL,"""JUST DESIGNER BRANDS LIMITED"" ""BD7 1NP"" VAT",GB_PREFIX,True,True,COMPANY_NUMBER,"J. PERFUMES LIMITED GB227888166 3AK (LUTON) LIMITED GB315338811 3AK (GLASGOW) LIMITED GB287953342 3AK ALUM ROCK LIMITED GB322214259 Share page on Facebook Lookup UK VAT number for a company Was this data useful? If you found the data here useful, PLEA",False,False,NO_LOCAL_ENTITY_LINK,False
195,03954623,MADE REAL LTD,130465835,GB130465835,http://vatsearch.co.uk/verify/vat_check.php/VATNumber/GB186460386,vatsearch.co.uk,WEBPAGE,COMPANY_NUMBER_GENERAL,"""03954623"" VAT",GB_PREFIX,True,True,COMPANY_NUMBER,TD >> Companies At Post Code GU21 5AJ ACCOUNTANCY ALLIANCE LTD GB107325051 ARRAMPICA LIMITED GB114357436 AVITUS LIMITED GB130465835 BALMORAL HOMES LIMITED GB979623167 BARNFATHER COMMUNICATIONS LIMITED GB416694867 CAVENDISH SPORTING EVENTS LIMITED GB93,False,False,NO_LOCAL_ENTITY_LINK,False
195,03954623,MADE REAL LTD,979623167,GB979623167,http://vatsearch.co.uk/verify/vat_check.php/VATNumber/GB186460386,vatsearch.co.uk,WEBPAGE,COMPANY_NUMBER_GENERAL,"""03954623"" VAT",GB_PREFIX,True,True,COMPANY_NUMBER,AJ ACCOUNTANCY ALLIANCE LTD GB107325051 ARRAMPICA LIMITED GB114357436 AVITUS LIMITED GB130465835 BALMORAL HOMES LIMITED GB979623167 BARNFATHER COMMUNICATIONS LIMITED GB416694867 CAVENDISH SPORTING EVENTS LIMITED GB930295236 CRITICAL SELECTION LIMITED ,False,False,NO_LOCAL_ENTITY_LINK,False
195,03954623,MADE REAL LTD,416694867,GB416694867,http://vatsearch.co.uk/verify/vat_check.php/VATNumber/GB186460386,vatsearch.co.uk,WEBPAGE,COMPANY_NUMBER_GENERAL,"""03954623"" VAT",GB_PREFIX,True,True,COMPANY_NUMBER,ICA LIMITED GB114357436 AVITUS LIMITED GB130465835 BALMORAL HOMES LIMITED GB979623167 BARNFATHER COMMUNICATIONS LIMITED GB416694867 CAVENDISH SPORTING EVENTS LIMITED GB930295236 CRITICAL SELECTION LIMITED GB871379886 D & H AUTOMOTIVE ENGINEERS LTD GB3,False,False,NO_LOCAL_ENTITY_LINK,False
195,03954623,MADE REAL LTD,930295236,GB930295236,http://vatsearch.co.uk/verify/vat_check.php/VATNumber/GB186460386,vatsearch.co.uk,WEBPAGE,COMPANY_NUMBER_GENERAL,"""03954623"" VAT",GB_PREFIX,True,True,COMPANY_NUMBER,5835 BALMORAL HOMES LIMITED GB979623167 BARNFATHER COMMUNICATIONS LIMITED GB416694867 CAVENDISH SPORTING EVENTS LIMITED GB930295236 CRITICAL SELECTION LIMITED GB871379886 D & H AUTOMOTIVE ENGINEERS LTD GB358834709 FORMWOOD LIMITED GB821977506 GARDEN T,False,False,NO_LOCAL_ENTITY_LINK,False
195,03954623,MADE REAL LTD,871379886,GB871379886,http://vatsearch.co.uk/verify/vat_check.php/VATNumber/GB186460386,vatsearch.co.uk,WEBPAGE,COMPANY_NUMBER_GENERAL,"""03954623"" VAT",GB_PREFIX,True,True,COMPANY_NUMBER, BARNFATHER COMMUNICATIONS LIMITED GB416694867 CAVENDISH SPORTING EVENTS LIMITED GB930295236 CRITICAL SELECTION LIMITED GB871379886 D & H AUTOMOTIVE ENGINEERS LTD GB358834709 FORMWOOD LIMITED GB821977506 GARDEN TIES (SURREY) LTD GB742683615 Share page,False,False,NO_LOCAL_ENTITY_LINK,False
195,03954623,MADE REAL LTD,358834709,GB358834709,http://vatsearch.co.uk/verify/vat_check.php/VATNumber/GB186460386,vatsearch.co.uk,WEBPAGE,COMPANY_NUMBER_GENERAL,"""03954623"" VAT",GB_PREFIX,True,True,COMPANY_NUMBER,867 CAVENDISH SPORTING EVENTS LIMITED GB930295236 CRITICAL SELECTION LIMITED GB871379886 D & H AUTOMOTIVE ENGINEERS LTD GB358834709 FORMWOOD LIMITED GB821977506 GARDEN TIES (SURREY) LTD GB742683615 Share page on Facebook Lookup UK VAT number for a com,False,False,NO_LOCAL_ENTITY_LINK,False
195,03954623,MADE REAL LTD,821977506,GB821977506,http://vatsearch.co.uk/verify/vat_check.php/VATNumber/GB186460386,vatsearch.co.uk,WEBPAGE,COMPANY_NUMBER_GENERAL,"""03954623"" VAT",GB_PREFIX,True,True,COMPANY_NUMBER, LIMITED GB930295236 CRITICAL SELECTION LIMITED GB871379886 D & H AUTOMOTIVE ENGINEERS LTD GB358834709 FORMWOOD LIMITED GB821977506 GARDEN TIES (SURREY) LTD GB742683615 Share page on Facebook Lookup UK VAT number for a company Companies with common di,False,False,NO_LOCAL_ENTITY_LINK,False
195,03954623,MADE REAL LTD,742683615,GB742683615,http://vatsearch.co.uk/verify/vat_check.php/VATNumber/GB186460386,vatsearch.co.uk,WEBPAGE,COMPANY_NUMBER_GENERAL,"""03954623"" VAT",GB_PREFIX,True,True,COMPANY_NUMBER,ON LIMITED GB871379886 D & H AUTOMOTIVE ENGINEERS LTD GB358834709 FORMWOOD LIMITED GB821977506 GARDEN TIES (SURREY) LTD GB742683615 Share page on Facebook Lookup UK VAT number for a company Companies with common directors INDEPENDENT INSURANCE CONSULT,False,False,NO_LOCAL_ENTITY_LINK,False
195,03954623,MADE REAL LTD,154964872,GB154964872,http://vatsearch.co.uk/verify/vat_check.php/VATNumber/GB186460386,vatsearch.co.uk,WEBPAGE,COMPANY_NUMBER_GENERAL,"""03954623"" VAT",GB_PREFIX,True,True,COMPANY_NUMBER, Facebook Lookup UK VAT number for a company Companies with common directors INDEPENDENT INSURANCE CONSULTANTS LIMITE D GB154964872 VERSOS SECRETARIES LIMITED - common director relationship 118 LTD GB810747737 VERSOS SECRETARIES LIMITED - common direc,False,False,NO_LOCAL_ENTITY_LINK,False
195,03954623,MADE REAL LTD,810747737,GB810747737,http://vatsearch.co.uk/verify/vat_check.php/VATNumber/GB186460386,vatsearch.co.uk,WEBPAGE,COMPANY_NUMBER_GENERAL,"""03954623"" VAT",GB_PREFIX,True,True,COMPANY_NUMBER,NDEPENDENT INSURANCE CONSULTANTS LIMITE D GB154964872 VERSOS SECRETARIES LIMITED - common director relationship 118 LTD GB810747737 VERSOS SECRETARIES LIMITED - common director relationship FERRANTI TAPCHANGERS LIMITED GB757846574 VERSOS SECRETARIES L,False,False,NO_LOCAL_ENTITY_LINK,False
195,03954623,MADE REAL LTD,757846574,GB757846574,http://vatsearch.co.uk/verify/vat_check.php/VATNumber/GB186460386,vatsearch.co.uk,WEBPAGE,COMPANY_NUMBER_GENERAL,"""03954623"" VAT",GB_PREFIX,True,True,COMPANY_NUMBER,relationship 118 LTD GB810747737 VERSOS SECRETARIES LIMITED - common director relationship FERRANTI TAPCHANGERS LIMITED GB757846574 VERSOS SECRETARIES LIMITED - common director relationship FIVE MEN AND A LADY LTD GB756200155 VERSOS SECRETARIES LIMITE,False,False,NO_LOCAL_ENTITY_LINK,False
195,03954623,MADE REAL LTD,756200155,GB756200155,http://vatsearch.co.uk/verify/vat_check.php/VATNumber/GB186460386,vatsearch.co.uk,WEBPAGE,COMPANY_NUMBER_GENERAL,"""03954623"" VAT",GB_PREFIX,True,True,COMPANY_NUMBER,RANTI TAPCHANGERS LIMITED GB757846574 VERSOS SECRETARIES LIMITED - common director relationship FIVE MEN AND A LADY LTD GB756200155 VERSOS SECRETARIES LIMITED - common director relationship BUSH HALL (MUSIC) LTD GB773892674 VERSOS SECRETARIES LIMITED ,False,False,NO_LOCAL_ENTITY_LINK,False
195,03954623,MADE REAL LTD,773892674,GB773892674,http://vatsearch.co.uk/verify/vat_check.php/VATNumber/GB186460386,vatsearch.co.uk,WEBPAGE,COMPANY_NUMBER_GENERAL,"""03954623"" VAT",GB_PREFIX,True,True,COMPANY_NUMBER,hip FIVE MEN AND A LADY LTD GB756200155 VERSOS SECRETARIES LIMITED - common director relationship BUSH HALL (MUSIC) LTD GB773892674 VERSOS SECRETARIES LIMITED - common director relationship MARK ONE PAINTS LIMITED GB807853215 VERSOS SECRETARIES LIMITE,False,False,NO_LOCAL_ENTITY_LINK,False
195,03954623,MADE REAL LTD,807853215,GB807853215,http://vatsearch.co.uk/verify/vat_check.php/VATNumber/GB186460386,vatsearch.co.uk,WEBPAGE,COMPANY_NUMBER_GENERAL,"""03954623"" VAT",GB_PREFIX,True,True,COMPANY_NUMBER,hip BUSH HALL (MUSIC) LTD GB773892674 VERSOS SECRETARIES LIMITED - common director relationship MARK ONE PAINTS LIMITED GB807853215 VERSOS SECRETARIES LIMITED - common director relationship NEW WORLD MEDIA SERVICES LIMITED GB826946294 VERSOS SECRETARI,False,False,NO_LOCAL_ENTITY_LINK,False
195,03954623,MADE REAL LTD,826946294,GB826946294,http://vatsearch.co.uk/verify/vat_check.php/VATNumber/GB186460386,vatsearch.co.uk,WEBPAGE,COMPANY_NUMBER_GENERAL,"""03954623"" VAT",GB_PREFIX,True,True,COMPANY_NUMBER,E PAINTS LIMITED GB807853215 VERSOS SECRETARIES LIMITED - common director relationship NEW WORLD MEDIA SERVICES LIMITED GB826946294 VERSOS SECRETARIES LIMITED - common director relationship PARETO CONSULTANCY LIMITED GB732516058 VERSOS SECRETARIES LIM,False,False,NO_LOCAL_ENTITY_LINK,False
195,03954623,MADE REAL LTD,732516058,GB732516058,http://vatsearch.co.uk/verify/vat_check.php/VATNumber/GB186460386,vatsearch.co.uk,WEBPAGE,COMPANY_NUMBER_GENERAL,"""03954623"" VAT",GB_PREFIX,True,True,COMPANY_NUMBER,MEDIA SERVICES LIMITED GB826946294 VERSOS SECRETARIES LIMITED - common director relationship PARETO CONSULTANCY LIMITED GB732516058 VERSOS SECRETARIES LIMITED - common director relationship GAMRON LTD GB753705427 VERSOS SECRETARIES LIMITED - common di,False,False,NO_LOCAL_ENTITY_LINK,False
195,03954623,MADE REAL LTD,753705427,GB753705427,http://vatsearch.co.uk/verify/vat_check.php/VATNumber/GB186460386,vatsearch.co.uk,WEBPAGE,COMPANY_NUMBER_GENERAL,"""03954623"" VAT",GB_PREFIX,True,True,COMPANY_NUMBER,elationship PARETO CONSULTANCY LIMITED GB732516058 VERSOS SECRETARIES LIMITED - common director relationship GAMRON LTD GB753705427 VERSOS SECRETARIES LIMITED - common director relationship HALLINGBURY LIMITED GB383996823 VERSOS SECRETARIES LIMITED - ,False,False,NO_LOCAL_ENTITY_LINK,False
195,03954623,MADE REAL LTD,383996823,GB383996823,http://vatsearch.co.uk/verify/vat_check.php/VATNumber/GB186460386,vatsearch.co.uk,WEBPAGE,COMPANY_NUMBER_GENERAL,"""03954623"" VAT",GB_PREFIX,True,True,COMPANY_NUMBER,ector relationship GAMRON LTD GB753705427 VERSOS SECRETARIES LIMITED - common director relationship HALLINGBURY LIMITED GB383996823 VERSOS SECRETARIES LIMITED - common director relationship GLOBAL PARCEL EXPRESS LTD GB242261046 RICHARD PETER HAZZARD -,False,False,NO_LOCAL_ENTITY_LINK,False
195,03954623,MADE REAL LTD,242261046,GB242261046,http://vatsearch.co.uk/verify/vat_check.php/VATNumber/GB186460386,vatsearch.co.uk,WEBPAGE,COMPANY_NUMBER_GENERAL,"""03954623"" VAT",GB_PREFIX,True,True,COMPANY_NUMBER,hip HALLINGBURY LIMITED GB383996823 VERSOS SECRETARIES LIMITED - common director relationship GLOBAL PARCEL EXPRESS LTD GB242261046 RICHARD PETER HAZZARD - common director relationship 118 LTD GB810747737 RICHARD PETER HAZZARD - common director relati,False,False,NO_LOCAL_ENTITY_LINK,False
